,dmsa_id,position,aa2,score,pred_score
137589,tmp:UCrl0vQc6AQv4KH4@nan,13,R,1.0061661442330172,0.8134380954101504
137590,tmp:UCrl0vQc6AQv4KH4@nan,13,N,0.9405845714745926,0.8642252542748369
137591,tmp:UCrl0vQc6AQv4KH4@nan,13,D,0.9357415969942426,0.8578667270088377
137592,tmp:UCrl0vQc6AQv4KH4@nan,13,C,0.9415364820024296,0.8553241007772034
137593,tmp:UCrl0vQc6AQv4KH4@nan,13,Q,1.022268961056359,0.8426582640009085
137594,tmp:UCrl0vQc6AQv4KH4@nan,13,E,0.9836630569466822,0.861061312744693
137595,tmp:UCrl0vQc6AQv4KH4@nan,13,G,0.8830130630500513,0.9344575520934687
137596,tmp:UCrl0vQc6AQv4KH4@nan,13,H,0.9788261040566087,0.8000908531660449
137597,tmp:UCrl0vQc6AQv4KH4@nan,13,I,1.0804461788310529,0.8437639790694618
137598,tmp:UCrl0vQc6AQv4KH4@nan,13,L,0.9631970691773069,0.8624361568016676
137599,tmp:UCrl0vQc6AQv4KH4@nan,13,K,0.9832132182055856,0.8517555868572665
137600,tmp:UCrl0vQc6AQv4KH4@nan,13,M,0.9664005945730766,0.8487132412029086
137601,tmp:UCrl0vQc6AQv4KH4@nan,13,F,0.9266199023583299,0.8264408666646781
137602,tmp:UCrl0vQc6AQv4KH4@nan,13,P,0.038636828062596267,0.7959638935742382
137603,tmp:UCrl0vQc6AQv4KH4@nan,13,S,0.9595036815967164,0.9150598254383464
137604,tmp:UCrl0vQc6AQv4KH4@nan,13,T,0.9812595798982876,0.9453662650038681
137605,tmp:UCrl0vQc6AQv4KH4@nan,13,W,0.8786411487191464,0.821376636482423
137606,tmp:UCrl0vQc6AQv4KH4@nan,13,Y,0.9277525894368192,0.8264408666646781
137607,tmp:UCrl0vQc6AQv4KH4@nan,13,V,0.9544364462733728,0.901794350467385
137608,tmp:UCrl0vQc6AQv4KH4@nan,19,R,1.082881234780967,0.7439596813583634
137609,tmp:UCrl0vQc6AQv4KH4@nan,19,N,0.9239972698449684,0.7625248270254673
137610,tmp:UCrl0vQc6AQv4KH4@nan,19,D,0.6948446819635629,0.7561662997594681
137611,tmp:UCrl0vQc6AQv4KH4@nan,19,C,0.8927252618496136,0.8082785922279945
137612,tmp:UCrl0vQc6AQv4KH4@nan,19,Q,0.9934225945721532,0.7783681457936248
137613,tmp:UCrl0vQc6AQv4KH4@nan,19,E,0.991837259273597,0.7651732552210943
137614,tmp:UCrl0vQc6AQv4KH4@nan,19,G,0.8165120516143591,0.8491822188277609
137615,tmp:UCrl0vQc6AQv4KH4@nan,19,H,0.9608349415751309,0.7413644609999148
137616,tmp:UCrl0vQc6AQv4KH4@nan,19,I,0.9059956747122831,0.7706821849104294
137617,tmp:UCrl0vQc6AQv4KH4@nan,19,L,0.9810853438862563,0.7859244971735461
137618,tmp:UCrl0vQc6AQv4KH4@nan,19,K,1.0413202849009235,0.748654182095274
137619,tmp:UCrl0vQc6AQv4KH4@nan,19,M,0.9545262189685936,0.7902928015497314
137620,tmp:UCrl0vQc6AQv4KH4@nan,19,F,0.8577363865452813,0.7670580818104341
137621,tmp:UCrl0vQc6AQv4KH4@nan,19,P,0.12499099937780245,0.7679430688046195
137622,tmp:UCrl0vQc6AQv4KH4@nan,19,S,0.9464844272065948,0.868184208399817
137623,tmp:UCrl0vQc6AQv4KH4@nan,19,T,0.9434532517140444,0.8565728490737703
137624,tmp:UCrl0vQc6AQv4KH4@nan,19,W,0.8871586210603359,0.7629561968292458
137625,tmp:UCrl0vQc6AQv4KH4@nan,19,Y,0.9145954003661249,0.7670580818104341
137626,tmp:UCrl0vQc6AQv4KH4@nan,19,V,0.909844394269337,0.8438508442871014
137627,tmp:UCrl0vQc6AQv4KH4@nan,22,R,1.086236738673207,0.7608464223943062
137628,tmp:UCrl0vQc6AQv4KH4@nan,22,N,0.13053698781243372,0.7622718618758619
137629,tmp:UCrl0vQc6AQv4KH4@nan,22,D,0.5328032187710245,0.7704469161733284
137630,tmp:UCrl0vQc6AQv4KH4@nan,22,C,0.928264322610158,0.8230312227562742
137631,tmp:UCrl0vQc6AQv4KH4@nan,22,Q,0.5044959877222404,0.772888968377921
137632,tmp:UCrl0vQc6AQv4KH4@nan,22,E,0.5602551263158029,0.7933085768162189
137633,tmp:UCrl0vQc6AQv4KH4@nan,22,G,0.4420073614146923,0.8752096854602659
137634,tmp:UCrl0vQc6AQv4KH4@nan,22,H,0.5983175161397142,0.7596732739062213
137635,tmp:UCrl0vQc6AQv4KH4@nan,22,I,0.8261008892344519,0.798799223775963
137636,tmp:UCrl0vQc6AQv4KH4@nan,22,L,0.968806555415618,0.7897229249235747
137637,tmp:UCrl0vQc6AQv4KH4@nan,22,K,0.8675311607633649,0.7803456860684254
137638,tmp:UCrl0vQc6AQv4KH4@nan,22,M,0.8422063169048113,0.7949596796648565
137639,tmp:UCrl0vQc6AQv4KH4@nan,22,F,0.6192249678975871,0.7818107123387138
137640,tmp:UCrl0vQc6AQv4KH4@nan,22,P,0.03332461512043894,0.7769095851521718
137641,tmp:UCrl0vQc6AQv4KH4@nan,22,S,0.6593390987396893,0.8428845632046683
137642,tmp:UCrl0vQc6AQv4KH4@nan,22,T,0.6488679934596331,0.8376102818377562
137643,tmp:UCrl0vQc6AQv4KH4@nan,22,W,0.5835576445799302,0.7777088273575254
137644,tmp:UCrl0vQc6AQv4KH4@nan,22,Y,0.8756292101048948,0.7818107123387138
137645,tmp:UCrl0vQc6AQv4KH4@nan,22,V,0.9687584023776508,0.8605191170576437
137646,tmp:UCrl0vQc6AQv4KH4@nan,2,R,0.9818161537875716,0.7814635550572856
137647,tmp:UCrl0vQc6AQv4KH4@nan,2,N,0.9486519008635868,0.7964725183463628
137648,tmp:UCrl0vQc6AQv4KH4@nan,2,D,0.9162210561615955,0.7901139910803636
137649,tmp:UCrl0vQc6AQv4KH4@nan,2,C,0.9102099808519156,0.8230312227562742
137650,tmp:UCrl0vQc6AQv4KH4@nan,2,Q,0.9703403680909198,0.7931207763219045
137651,tmp:UCrl0vQc6AQv4KH4@nan,2,E,0.9446407003692504,0.8065013719336189
137652,tmp:UCrl0vQc6AQv4KH4@nan,2,G,0.9214371956598354,0.8893938269562219
137653,tmp:UCrl0vQc6AQv4KH4@nan,2,H,0.9836953158494814,0.7596732739062213
137654,tmp:UCrl0vQc6AQv4KH4@nan,2,I,0.9637786026924996,0.8046298762313249
137655,tmp:UCrl0vQc6AQv4KH4@nan,2,L,0.9219310537469108,0.8301107537861718
137656,tmp:UCrl0vQc6AQv4KH4@nan,2,K,0.9209917590322844,0.7861580557941964
137657,tmp:UCrl0vQc6AQv4KH4@nan,2,M,0.8518860223800804,0.805045432078011
137658,tmp:UCrl0vQc6AQv4KH4@nan,2,F,0.9204270716540504,0.7818107123387138
137659,tmp:UCrl0vQc6AQv4KH4@nan,2,P,0.7966107583811258,0.7994332541786373
137660,tmp:UCrl0vQc6AQv4KH4@nan,2,S,0.9654112678695792,0.8773343615785645
137661,tmp:UCrl0vQc6AQv4KH4@nan,2,T,0.9645542497308062,0.8826003157062753
137662,tmp:UCrl0vQc6AQv4KH4@nan,2,W,0.9528594481483976,0.7777088273575254
137663,tmp:UCrl0vQc6AQv4KH4@nan,2,Y,0.9131356899355074,0.7818107123387138
137664,tmp:UCrl0vQc6AQv4KH4@nan,2,V,0.8122513174926366,0.8688488222930281
137665,tmp:UCrl0vQc6AQv4KH4@nan,30,R,0.9878381341704008,0.7378148886187957
137666,tmp:UCrl0vQc6AQv4KH4@nan,30,N,0.9679207678542954,0.7563800342858996
137667,tmp:UCrl0vQc6AQv4KH4@nan,30,D,0.9676673439038004,0.7448931855025419
137668,tmp:UCrl0vQc6AQv4KH4@nan,30,C,0.9201256575080003,0.7966876859494416
137669,tmp:UCrl0vQc6AQv4KH4@nan,30,Q,0.9650393053802676,0.7645920374595291
137670,tmp:UCrl0vQc6AQv4KH4@nan,30,E,1.0073122756525912,0.753900140964168
137671,tmp:UCrl0vQc6AQv4KH4@nan,30,G,0.9159182354865832,0.8481839621719179
137672,tmp:UCrl0vQc6AQv4KH4@nan,30,H,0.9289134410946152,0.729773554721362
137673,tmp:UCrl0vQc6AQv4KH4@nan,30,I,0.8923399623878407,0.7645373921708617
137674,tmp:UCrl0vQc6AQv4KH4@nan,30,L,0.9086382491579016,0.7828597896972909
137675,tmp:UCrl0vQc6AQv4KH4@nan,30,K,0.9390996043648768,0.7425093893557063
137676,tmp:UCrl0vQc6AQv4KH4@nan,30,M,0.9545483709050084,0.7787018952711785
137677,tmp:UCrl0vQc6AQv4KH4@nan,30,F,0.9255646996361516,0.7554671755318813
137678,tmp:UCrl0vQc6AQv4KH4@nan,30,P,0.05796203852773452,0.7670793960707483
137679,tmp:UCrl0vQc6AQv4KH4@nan,30,S,0.9185675276290516,0.8628549730439378
137680,tmp:UCrl0vQc6AQv4KH4@nan,30,T,0.9262280211999634,0.8535081415975151
137681,tmp:UCrl0vQc6AQv4KH4@nan,30,W,0.9580834577667078,0.7513652905506929
137682,tmp:UCrl0vQc6AQv4KH4@nan,30,Y,0.9720446463501062,0.7554671755318813
137683,tmp:UCrl0vQc6AQv4KH4@nan,30,V,0.8611590942481735,0.8407861368108462
137684,tmp:UCrl0vQc6AQv4KH4@nan,26,A,0.7810422722473237,0.8225828399589726
137685,tmp:UCrl0vQc6AQv4KH4@nan,26,N,0.6421134691722261,0.8063078964839516
137686,tmp:UCrl0vQc6AQv4KH4@nan,26,D,0.1227263374326899,0.7875874538919605
137687,tmp:UCrl0vQc6AQv4KH4@nan,26,C,0.5173675189923193,0.8324521298942797
137688,tmp:UCrl0vQc6AQv4KH4@nan,26,Q,0.7632188141866405,0.8248694066585675
137689,tmp:UCrl0vQc6AQv4KH4@nan,26,E,0.4773738754295422,0.8375729689436158
137690,tmp:UCrl0vQc6AQv4KH4@nan,26,G,0.5586771940838069,0.8011147762014664
137691,tmp:UCrl0vQc6AQv4KH4@nan,26,H,0.731658763017761,0.8051482610643306
137692,tmp:UCrl0vQc6AQv4KH4@nan,26,I,0.4505853377644554,0.8113356164233757
137693,tmp:UCrl0vQc6AQv4KH4@nan,26,L,0.4832961049931137,0.8003135890290274
137694,tmp:UCrl0vQc6AQv4KH4@nan,26,K,0.9561984244305934,0.8868164692515405
137695,tmp:UCrl0vQc6AQv4KH4@nan,26,M,0.6480177055440492,0.8130395032944544
137696,tmp:UCrl0vQc6AQv4KH4@nan,26,F,0.4891686908843348,0.8036873229998235
137697,tmp:UCrl0vQc6AQv4KH4@nan,26,P,0.022555071594668408,0.7715547444034113
137698,tmp:UCrl0vQc6AQv4KH4@nan,26,S,0.7052416259461918,0.7990743026753182
137699,tmp:UCrl0vQc6AQv4KH4@nan,26,T,0.6253855898044245,0.8063078964839516
137700,tmp:UCrl0vQc6AQv4KH4@nan,26,W,0.4745346786139837,0.8028454392821648
137701,tmp:UCrl0vQc6AQv4KH4@nan,26,Y,0.6230936812817325,0.8105076424703708
137702,tmp:UCrl0vQc6AQv4KH4@nan,26,V,0.5313651699601102,0.8166292418893424
137703,tmp:UCrl0vQc6AQv4KH4@jun,3,A,1.0762535575743248,0.844214115978665
137704,tmp:UCrl0vQc6AQv4KH4@jun,3,N,0.9865978887842806,0.8310192577669565
137705,tmp:UCrl0vQc6AQv4KH4@jun,3,D,1.031146236390298,0.8174271366923239
137706,tmp:UCrl0vQc6AQv4KH4@jun,3,C,0.9791113842775668,0.8270954878838345
137707,tmp:UCrl0vQc6AQv4KH4@jun,3,Q,1.0389321311445172,0.8495807679415723
137708,tmp:UCrl0vQc6AQv4KH4@jun,3,E,1.0576043954337857,0.8643325664806667
137709,tmp:UCrl0vQc6AQv4KH4@jun,3,G,0.9834287929269732,0.8258261374844713
137710,tmp:UCrl0vQc6AQv4KH4@jun,3,H,1.011295941463543,0.7997916190538853
137711,tmp:UCrl0vQc6AQv4KH4@jun,3,I,1.0417910247339766,0.8059789744129304
137712,tmp:UCrl0vQc6AQv4KH4@jun,3,L,1.0429035265113298,0.8250249503120323
137713,tmp:UCrl0vQc6AQv4KH4@jun,3,K,0.9629755856026966,0.8868574664088932
137714,tmp:UCrl0vQc6AQv4KH4@jun,3,M,1.0385731584691196,0.8076828612840091
137715,tmp:UCrl0vQc6AQv4KH4@jun,3,F,1.0553284687306368,0.7983306809893782
137716,tmp:UCrl0vQc6AQv4KH4@jun,3,P,0.878266094013491,0.7529797648724239
137717,tmp:UCrl0vQc6AQv4KH4@jun,3,S,1.010258062668696,0.8237856639583231
137718,tmp:UCrl0vQc6AQv4KH4@jun,3,T,1.0322464784603742,0.8310192577669565
137719,tmp:UCrl0vQc6AQv4KH4@jun,3,W,1.0140274242869665,0.7974887972717195
137720,tmp:UCrl0vQc6AQv4KH4@jun,3,Y,1.033022476236183,0.8051510004599255
137721,tmp:UCrl0vQc6AQv4KH4@jun,3,V,1.0925320652545405,0.8221455423797314
137722,tmp:UCrl0vQc6AQv4KH4@nan,15,A,0.6878928857260465,0.8358499949569421
137723,tmp:UCrl0vQc6AQv4KH4@nan,15,R,0.8746124507182047,0.8317296762808315
137724,tmp:UCrl0vQc6AQv4KH4@nan,15,D,0.3324850132460133,0.8963152258930106
137725,tmp:UCrl0vQc6AQv4KH4@nan,15,C,1.0615604120348217,0.8323844317048128
137726,tmp:UCrl0vQc6AQv4KH4@nan,15,Q,0.6117549713166689,0.8456670799797942
137727,tmp:UCrl0vQc6AQv4KH4@nan,15,E,0.15055911369406286,0.857360588686004
137728,tmp:UCrl0vQc6AQv4KH4@nan,15,G,0.3249125476301975,0.8692032707695687
137729,tmp:UCrl0vQc6AQv4KH4@nan,15,H,0.6780935912889314,0.784855247327252
137730,tmp:UCrl0vQc6AQv4KH4@nan,15,I,1.0272876675515548,0.7936930712744449
137731,tmp:UCrl0vQc6AQv4KH4@nan,15,L,0.9576177248904436,0.8208605559702126
137732,tmp:UCrl0vQc6AQv4KH4@nan,15,K,0.8761587682591393,0.829355246496885
137733,tmp:UCrl0vQc6AQv4KH4@nan,15,M,0.7956137297684006,0.8022157506707069
137734,tmp:UCrl0vQc6AQv4KH4@nan,15,F,0.30595168542951856,0.7996838898466233
137735,tmp:UCrl0vQc6AQv4KH4@nan,15,P,0.10129020436432756,0.7592416972118808
137736,tmp:UCrl0vQc6AQv4KH4@nan,15,S,0.5428441820838853,0.8905834435337403
137737,tmp:UCrl0vQc6AQv4KH4@nan,15,T,0.9657206809780474,0.8496676589056261
137738,tmp:UCrl0vQc6AQv4KH4@nan,15,W,0.3431647930239484,0.7988420061289646
137739,tmp:UCrl0vQc6AQv4KH4@nan,15,Y,0.4871511736147449,0.7996838898466233
137740,tmp:UCrl0vQc6AQv4KH4@nan,15,V,1.0790083698100632,0.8129675671281238
137741,tmp:UCrl0vQc6AQv4KH4@nan,23,A,1.0662103735204438,0.8537024114757529
137742,tmp:UCrl0vQc6AQv4KH4@nan,23,R,1.0499953708018166,0.8210362705693013
137743,tmp:UCrl0vQc6AQv4KH4@nan,23,D,0.9373118398433502,0.8852292978182724
137744,tmp:UCrl0vQc6AQv4KH4@nan,23,C,0.9732972194436316,0.8517590292867327
137745,tmp:UCrl0vQc6AQv4KH4@nan,23,Q,1.0388495557259958,0.8365806864682382
137746,tmp:UCrl0vQc6AQv4KH4@nan,23,E,1.0445326574712337,0.8703652331248284
137747,tmp:UCrl0vQc6AQv4KH4@nan,23,G,0.9775932277369844,0.9086999306126767
137748,tmp:UCrl0vQc6AQv4KH4@nan,23,H,1.0039448162641729,0.8042298449091719
137749,tmp:UCrl0vQc6AQv4KH4@nan,23,I,0.9833579045830722,0.8299673708531696
137750,tmp:UCrl0vQc6AQv4KH4@nan,23,L,0.9890534396148608,0.8101671502586824
137751,tmp:UCrl0vQc6AQv4KH4@nan,23,K,1.0550039488569034,0.8431022218793797
137752,tmp:UCrl0vQc6AQv4KH4@nan,23,M,1.030482898721193,0.8323473190164328
137753,tmp:UCrl0vQc6AQv4KH4@nan,23,F,0.9452816856805104,0.8190584874285433
137754,tmp:UCrl0vQc6AQv4KH4@nan,23,P,0.3361217567200294,0.7928663858661416
137755,tmp:UCrl0vQc6AQv4KH4@nan,23,S,1.0255987805844846,0.9117627022076652
137756,tmp:UCrl0vQc6AQv4KH4@nan,23,T,1.0040170288210921,0.867611155521902
137757,tmp:UCrl0vQc6AQv4KH4@nan,23,W,0.9272831398167202,0.8182166037108846
137758,tmp:UCrl0vQc6AQv4KH4@nan,23,Y,0.9564637036665516,0.8190584874285433
137759,tmp:UCrl0vQc6AQv4KH4@nan,23,V,0.9680448877720341,0.8218965879818823
137760,tmp:UCrl0vQc6AQv4KH4@nan,14,A,0.8991693548161105,0.862123099070751
137761,tmp:UCrl0vQc6AQv4KH4@nan,14,R,0.8716172705565363,0.8796045327241078
137762,tmp:UCrl0vQc6AQv4KH4@nan,14,N,0.8435538468085745,0.8524148698907518
137763,tmp:UCrl0vQc6AQv4KH4@nan,14,D,0.9102715997046918,0.873573745948864
137764,tmp:UCrl0vQc6AQv4KH4@nan,14,C,0.9370340700575754,0.8553722632994453
137765,tmp:UCrl0vQc6AQv4KH4@nan,14,E,1.0194313407700826,0.9287891981261754
137766,tmp:UCrl0vQc6AQv4KH4@nan,14,G,0.9205338229075318,0.8502210048001608
137767,tmp:UCrl0vQc6AQv4KH4@nan,14,H,0.9463301080741424,0.8341476105340403
137768,tmp:UCrl0vQc6AQv4KH4@nan,14,I,1.0077979039347091,0.8368406061294118
137769,tmp:UCrl0vQc6AQv4KH4@nan,14,L,0.92128835769559,0.8400145602603235
137770,tmp:UCrl0vQc6AQv4KH4@nan,14,K,0.8409753767993561,0.8761061667356251
137771,tmp:UCrl0vQc6AQv4KH4@nan,14,M,0.9303625184525952,0.8284635835288691
137772,tmp:UCrl0vQc6AQv4KH4@nan,14,F,0.9118863092690414,0.8259317227047854
137773,tmp:UCrl0vQc6AQv4KH4@nan,14,P,0.23243670953407855,0.8026447322281849
137774,tmp:UCrl0vQc6AQv4KH4@nan,14,S,0.8397220879150105,0.8625627521754398
137775,tmp:UCrl0vQc6AQv4KH4@nan,14,T,0.9732636578015388,0.8524148698907518
137776,tmp:UCrl0vQc6AQv4KH4@nan,14,W,0.7099742505347111,0.8250898389871267
137777,tmp:UCrl0vQc6AQv4KH4@nan,14,Y,0.9199422486366056,0.8368406061294118
137778,tmp:UCrl0vQc6AQv4KH4@nan,14,V,0.9601627424156692,0.8287698232581244
137779,tmp:UCrl0vQc6AQv4KH4@nan,28,A,0.9871683275417564,0.8522615589397879
137780,tmp:UCrl0vQc6AQv4KH4@nan,28,R,0.9360968439784201,0.8697429925931447
137781,tmp:UCrl0vQc6AQv4KH4@nan,28,N,0.8774582184934944,0.8394732444964762
137782,tmp:UCrl0vQc6AQv4KH4@nan,28,D,0.8785304463003364,0.8585838843005424
137783,tmp:UCrl0vQc6AQv4KH4@nan,28,C,0.9713781144644652,0.8446158399607125
137784,tmp:UCrl0vQc6AQv4KH4@nan,28,E,0.985743857282706,0.9137993364778538
137785,tmp:UCrl0vQc6AQv4KH4@nan,28,G,0.6090341305132683,0.8372793794058853
137786,tmp:UCrl0vQc6AQv4KH4@nan,28,H,0.9606347420405664,0.8257864052650313
137787,tmp:UCrl0vQc6AQv4KH4@nan,28,I,0.9938570867580601,0.8238989807351362
137788,tmp:UCrl0vQc6AQv4KH4@nan,28,L,0.9174073971305071,0.8270729348660479
137789,tmp:UCrl0vQc6AQv4KH4@nan,28,K,0.98897018419506,0.8662446266046621
137790,tmp:UCrl0vQc6AQv4KH4@nan,28,M,0.9106564553761562,0.8177071601901363
137791,tmp:UCrl0vQc6AQv4KH4@nan,28,F,0.7989454210895217,0.8151752993660527
137792,tmp:UCrl0vQc6AQv4KH4@nan,28,P,0.4669538632982477,0.7949842268396058
137793,tmp:UCrl0vQc6AQv4KH4@nan,28,S,0.8871982722928335,0.8527012120444767
137794,tmp:UCrl0vQc6AQv4KH4@nan,28,T,0.9534458186200592,0.8394732444964762
137795,tmp:UCrl0vQc6AQv4KH4@nan,28,W,0.694579417043421,0.814333415648394
137796,tmp:UCrl0vQc6AQv4KH4@nan,28,Y,0.9159866919311715,0.8238989807351362
137797,tmp:UCrl0vQc6AQv4KH4@nan,28,V,0.9728132840068042,0.8158281978638489
137798,tmp:UCrl0vQc6AQv4KH4@nan,31,A,1.0174593352703327,0.9365331108174515
137799,tmp:UCrl0vQc6AQv4KH4@nan,31,R,0.9852701809178118,0.9516532082973022
137800,tmp:UCrl0vQc6AQv4KH4@nan,31,N,0.9847261942101048,0.9166443219502062
137801,tmp:UCrl0vQc6AQv4KH4@nan,31,D,0.9216679415676616,0.9180083633763555
137802,tmp:UCrl0vQc6AQv4KH4@nan,31,C,0.958469231439899,0.9143140175577779
137803,tmp:UCrl0vQc6AQv4KH4@nan,31,E,1.0038574271523848,0.9604761406271143
137804,tmp:UCrl0vQc6AQv4KH4@nan,31,G,0.9435779013169904,0.9075329690574784
137805,tmp:UCrl0vQc6AQv4KH4@nan,31,H,0.9640455425631608,0.89322761220497
137806,tmp:UCrl0vQc6AQv4KH4@nan,31,I,1.0170069626297311,0.8927999377978458
137807,tmp:UCrl0vQc6AQv4KH4@nan,31,L,1.0101355747540277,0.9093788458146225
137808,tmp:UCrl0vQc6AQv4KH4@nan,31,K,1.0057835844606096,0.9412376675473574
137809,tmp:UCrl0vQc6AQv4KH4@nan,31,M,0.9789811067692952,0.9049358426082409
137810,tmp:UCrl0vQc6AQv4KH4@nan,31,F,0.9670889348155391,0.8927999377978458
137811,tmp:UCrl0vQc6AQv4KH4@nan,31,P,0.4940726346372916,0.8454226831721396
137812,tmp:UCrl0vQc6AQv4KH4@nan,31,S,0.9754620679377898,0.9121701889109525
137813,tmp:UCrl0vQc6AQv4KH4@nan,31,T,0.972736850073522,0.9166443219502062
137814,tmp:UCrl0vQc6AQv4KH4@nan,31,W,0.9227473630722492,0.8878148844175847
137815,tmp:UCrl0vQc6AQv4KH4@nan,31,Y,0.908683360084882,0.8927999377978458
137816,tmp:UCrl0vQc6AQv4KH4@nan,31,V,0.9882205865741858,0.9023843269948149
137817,tmp:UCrl0vQc6AQv4KH4@nan,17,A,1.0001357729922953,0.8657589080976505
137818,tmp:UCrl0vQc6AQv4KH4@nan,17,R,0.9565041959532629,0.84788361903453
137819,tmp:UCrl0vQc6AQv4KH4@nan,17,N,0.9080861919086941,0.855047000642504
137820,tmp:UCrl0vQc6AQv4KH4@nan,17,D,0.913004043477292,0.8864220251991899
137821,tmp:UCrl0vQc6AQv4KH4@nan,17,C,0.9470111579870988,0.860575606286454
137822,tmp:UCrl0vQc6AQv4KH4@nan,17,Q,0.9974187563013528,0.8658613559140764
137823,tmp:UCrl0vQc6AQv4KH4@nan,17,G,0.8739778252083839,0.8326300326273315
137824,tmp:UCrl0vQc6AQv4KH4@nan,17,H,0.9317647222486994,0.8232541209206622
137825,tmp:UCrl0vQc6AQv4KH4@nan,17,I,0.9339282715825185,0.8247316431150545
137826,tmp:UCrl0vQc6AQv4KH4@nan,17,L,0.9570557324646486,0.8274601083904437
137827,tmp:UCrl0vQc6AQv4KH4@nan,17,K,0.9607273743201148,0.8807787710135256
137828,tmp:UCrl0vQc6AQv4KH4@nan,17,M,0.9712429248416884,0.8365143237748462
137829,tmp:UCrl0vQc6AQv4KH4@nan,17,F,0.8511935645509237,0.830722461687233
137830,tmp:UCrl0vQc6AQv4KH4@nan,17,P,0.06048649138268891,0.8044655687970201
137831,tmp:UCrl0vQc6AQv4KH4@nan,17,S,0.9188136916711498,0.8593012336727164
137832,tmp:UCrl0vQc6AQv4KH4@nan,17,T,0.9161119946932414,0.847568265300059
137833,tmp:UCrl0vQc6AQv4KH4@nan,17,W,0.7923954841344089,0.8298805779695743
137834,tmp:UCrl0vQc6AQv4KH4@nan,17,Y,0.8554507447712223,0.8339824629507626
137835,tmp:UCrl0vQc6AQv4KH4@nan,17,V,0.9949693523244424,0.8368205635041016
137836,tmp:UCrl0vQc6AQv4KH4@nan,27,A,0.9452128963931904,0.8408170489211163
137837,tmp:UCrl0vQc6AQv4KH4@nan,27,R,0.8945166232200128,0.8198616745946833
137838,tmp:UCrl0vQc6AQv4KH4@nan,27,N,0.9731878143956836,0.8270250562026573
137839,tmp:UCrl0vQc6AQv4KH4@nan,27,D,0.9497269649915548,0.8563518445052971
137840,tmp:UCrl0vQc6AQv4KH4@nan,27,C,0.8912592220386669,0.8347388639021501
137841,tmp:UCrl0vQc6AQv4KH4@nan,27,Q,0.9619053423259042,0.8409194967375422
137842,tmp:UCrl0vQc6AQv4KH4@nan,27,G,0.9752388575178252,0.8046080881874847
137843,tmp:UCrl0vQc6AQv4KH4@nan,27,H,1.000537813011881,0.7974173785363583
137844,tmp:UCrl0vQc6AQv4KH4@nan,27,I,0.9644425756259576,0.7988949007307506
137845,tmp:UCrl0vQc6AQv4KH4@nan,27,L,0.9501206767849448,0.799438163950597
137846,tmp:UCrl0vQc6AQv4KH4@nan,27,K,0.9808311307763824,0.8558369118369914
137847,tmp:UCrl0vQc6AQv4KH4@nan,27,M,0.9553046307489442,0.8106775813905424
137848,tmp:UCrl0vQc6AQv4KH4@nan,27,F,0.9297060792175222,0.8048857193029291
137849,tmp:UCrl0vQc6AQv4KH4@nan,27,P,0.13232374664785762,0.7817247443628699
137850,tmp:UCrl0vQc6AQv4KH4@nan,27,S,0.9421910637603236,0.8343593744961821
137851,tmp:UCrl0vQc6AQv4KH4@nan,27,T,0.9571926578801648,0.8195463208602123
137852,tmp:UCrl0vQc6AQv4KH4@nan,27,W,0.9002366561926306,0.8040438355852704
137853,tmp:UCrl0vQc6AQv4KH4@nan,27,Y,0.9241781609221524,0.8081457205664587
137854,tmp:UCrl0vQc6AQv4KH4@nan,27,V,0.901727839945622,0.8087986190642549
137855,tmp:UCrl0vQc6AQv4KH4@nan,5,A,1.1603292664974008,0.8764523138091808
137856,tmp:UCrl0vQc6AQv4KH4@nan,5,R,1.0787364534037227,0.8585770247460602
137857,tmp:UCrl0vQc6AQv4KH4@nan,5,N,0.9113755495712182,0.8657404063540343
137858,tmp:UCrl0vQc6AQv4KH4@nan,5,D,0.9318418540780314,0.8971154309107201
137859,tmp:UCrl0vQc6AQv4KH4@nan,5,C,1.1273483669710225,0.8412010087045341
137860,tmp:UCrl0vQc6AQv4KH4@nan,5,Q,1.0285003782542907,0.8765547616256066
137861,tmp:UCrl0vQc6AQv4KH4@nan,5,G,0.9889764133646752,0.8433234383388617
137862,tmp:UCrl0vQc6AQv4KH4@nan,5,H,0.9680977811347096,0.8038795233387422
137863,tmp:UCrl0vQc6AQv4KH4@nan,5,I,0.9573375482580356,0.8053570455331346
137864,tmp:UCrl0vQc6AQv4KH4@nan,5,L,1.0618050586003809,0.8381535141019739
137865,tmp:UCrl0vQc6AQv4KH4@nan,5,K,1.0105326436063653,0.8914721767250559
137866,tmp:UCrl0vQc6AQv4KH4@nan,5,M,1.0349683070551072,0.8171397261929263
137867,tmp:UCrl0vQc6AQv4KH4@nan,5,F,0.9357984952065582,0.811347864105313
137868,tmp:UCrl0vQc6AQv4KH4@nan,5,P,0.3630228918601229,0.7869085776493603
137869,tmp:UCrl0vQc6AQv4KH4@nan,5,S,1.0698468736255808,0.8699946393842466
137870,tmp:UCrl0vQc6AQv4KH4@nan,5,T,1.0217597313614146,0.8582616710115892
137871,tmp:UCrl0vQc6AQv4KH4@nan,5,W,0.8946724974080231,0.8105059803876543
137872,tmp:UCrl0vQc6AQv4KH4@nan,5,Y,0.9280599804362201,0.8146078653688427
137873,tmp:UCrl0vQc6AQv4KH4@nan,5,V,1.0014829628954187,0.8475139692156318
137874,tmp:UCrl0vQc6AQv4KH4@nan,6,A,0.9723675700103104,0.8970001788396218
137875,tmp:UCrl0vQc6AQv4KH4@nan,6,R,0.9029210829275196,0.8913004476528984
137876,tmp:UCrl0vQc6AQv4KH4@nan,6,N,0.9202462951033976,0.9120776768914226
137877,tmp:UCrl0vQc6AQv4KH4@nan,6,D,0.9702413205361434,0.946427178397412
137878,tmp:UCrl0vQc6AQv4KH4@nan,6,C,0.8945693913192947,0.902214886266817
137879,tmp:UCrl0vQc6AQv4KH4@nan,6,Q,0.910115058041742,0.9114621763173603
137880,tmp:UCrl0vQc6AQv4KH4@nan,6,G,0.8806311796212319,0.8892409556761591
137881,tmp:UCrl0vQc6AQv4KH4@nan,6,H,0.9498145276826176,0.8661063285451551
137882,tmp:UCrl0vQc6AQv4KH4@nan,6,I,0.8365076860777243,0.8726255641851303
137883,tmp:UCrl0vQc6AQv4KH4@nan,6,L,0.9557205266893364,0.8740690260058228
137884,tmp:UCrl0vQc6AQv4KH4@nan,6,K,0.9007443612531276,0.910571483494738
137885,tmp:UCrl0vQc6AQv4KH4@nan,6,M,0.9205352580681264,0.8874581071536775
137886,tmp:UCrl0vQc6AQv4KH4@nan,6,F,0.9166714764827336,0.867247813066499
137887,tmp:UCrl0vQc6AQv4KH4@nan,6,P,0.1052690994294614,0.8395255827818482
137888,tmp:UCrl0vQc6AQv4KH4@nan,6,S,0.9148709637266952,0.9065163122725236
137889,tmp:UCrl0vQc6AQv4KH4@nan,6,T,0.9203716712340264,0.8974270934258525
137890,tmp:UCrl0vQc6AQv4KH4@nan,6,W,0.910992689166666,0.8664059293488403
137891,tmp:UCrl0vQc6AQv4KH4@nan,6,Y,0.8874395796942155,0.8705078143300287
137892,tmp:UCrl0vQc6AQv4KH4@nan,6,V,0.8766673573212995,0.8834294811194807
137893,tmp:UCrl0vQc6AQv4KH4@jun,1,A,0.8911941172845951,0.8120075405499704
137894,tmp:UCrl0vQc6AQv4KH4@jun,1,R,0.9298343417746342,0.702731511399076
137895,tmp:UCrl0vQc6AQv4KH4@jun,1,N,0.9102297653101922,0.7144004678227049
137896,tmp:UCrl0vQc6AQv4KH4@jun,1,D,0.890667200398478,0.7168000628776593
137897,tmp:UCrl0vQc6AQv4KH4@jun,1,C,0.8632186767548029,0.7784198299666468
137898,tmp:UCrl0vQc6AQv4KH4@jun,1,Q,0.9049751753185562,0.7176604690862346
137899,tmp:UCrl0vQc6AQv4KH4@jun,1,E,0.945799154127798,0.7199946486135146
137900,tmp:UCrl0vQc6AQv4KH4@jun,1,G,0.8542814628870385,0.7419111194679009
137901,tmp:UCrl0vQc6AQv4KH4@jun,1,H,0.8728402886470862,0.7152398167487922
137902,tmp:UCrl0vQc6AQv4KH4@jun,1,L,0.9465199125365176,0.8849160179583023
137903,tmp:UCrl0vQc6AQv4KH4@jun,1,K,0.9291616719827078,0.7093417013733065
137904,tmp:UCrl0vQc6AQv4KH4@jun,1,M,0.910033092834895,0.8172146769464737
137905,tmp:UCrl0vQc6AQv4KH4@jun,1,F,0.8768529332494029,0.8378261127322195
137906,tmp:UCrl0vQc6AQv4KH4@jun,1,P,0.8063245301310159,0.6706090842786182
137907,tmp:UCrl0vQc6AQv4KH4@jun,1,S,0.8228299506592147,0.7594740667940401
137908,tmp:UCrl0vQc6AQv4KH4@jun,1,T,0.9100203410214291,0.7858450238386616
137909,tmp:UCrl0vQc6AQv4KH4@jun,1,W,0.9108399233002936,0.7390666601684222
137910,tmp:UCrl0vQc6AQv4KH4@jun,1,Y,0.8985453391157255,0.7824759864984729
137911,tmp:UCrl0vQc6AQv4KH4@jun,1,V,0.9663844964375252,0.8992995955957851
137912,tmp:UCrl0vQc6AQv4KH4@nan,11,A,0.5334830071026598,0.8251280709538182
137913,tmp:UCrl0vQc6AQv4KH4@nan,11,R,0.2320436151102712,0.7279683066067834
137914,tmp:UCrl0vQc6AQv4KH4@nan,11,N,0.08056518800233359,0.7396372630304123
137915,tmp:UCrl0vQc6AQv4KH4@nan,11,D,0.08394554594133552,0.7035074553316955
137916,tmp:UCrl0vQc6AQv4KH4@nan,11,C,0.4289098335088801,0.8036566251743542
137917,tmp:UCrl0vQc6AQv4KH4@nan,11,Q,0.7195077539454309,0.742897264293942
137918,tmp:UCrl0vQc6AQv4KH4@nan,11,E,0.08400665300367527,0.7235377203676124
137919,tmp:UCrl0vQc6AQv4KH4@nan,11,G,0.34762015424869863,0.7533561405656816
137920,tmp:UCrl0vQc6AQv4KH4@nan,11,H,0.2010190828436932,0.7347965217328487
137921,tmp:UCrl0vQc6AQv4KH4@nan,11,I,0.7531293936247137,0.8775465227190682
137922,tmp:UCrl0vQc6AQv4KH4@nan,11,K,0.3034896191129949,0.740353955823526
137923,tmp:UCrl0vQc6AQv4KH4@nan,11,M,0.8486924124766506,0.8276588174353146
137924,tmp:UCrl0vQc6AQv4KH4@nan,11,F,0.4720957377093912,0.8424396007656986
137925,tmp:UCrl0vQc6AQv4KH4@nan,11,P,0.0282420046102726,0.6958458794863256
137926,tmp:UCrl0vQc6AQv4KH4@nan,11,S,0.3343251217607607,0.7729233739181204
137927,tmp:UCrl0vQc6AQv4KH4@nan,11,T,0.4047874502285143,0.802182068566958
137928,tmp:UCrl0vQc6AQv4KH4@nan,11,W,0.2702853892716892,0.7554037048967185
137929,tmp:UCrl0vQc6AQv4KH4@nan,11,Y,0.54753550912102,0.7840728176514589
137930,tmp:UCrl0vQc6AQv4KH4@nan,11,V,0.4526624320935064,0.8748595681818334
137931,tmp:UCrl0vQc6AQv4KH4@nan,18,A,0.5032681774121477,0.8251280709538182
137932,tmp:UCrl0vQc6AQv4KH4@nan,18,R,0.2317941280092888,0.7279683066067834
137933,tmp:UCrl0vQc6AQv4KH4@nan,18,N,-0.024614059994916504,0.7396372630304123
137934,tmp:UCrl0vQc6AQv4KH4@nan,18,D,0.030794027938153112,0.7035074553316955
137935,tmp:UCrl0vQc6AQv4KH4@nan,18,C,0.15685751101801582,0.8036566251743542
137936,tmp:UCrl0vQc6AQv4KH4@nan,18,Q,0.23946145380358155,0.742897264293942
137937,tmp:UCrl0vQc6AQv4KH4@nan,18,E,0.05299719708125261,0.7235377203676124
137938,tmp:UCrl0vQc6AQv4KH4@nan,18,G,0.06371939283372907,0.7533561405656816
137939,tmp:UCrl0vQc6AQv4KH4@nan,18,H,0.2614520974941884,0.7347965217328487
137940,tmp:UCrl0vQc6AQv4KH4@nan,18,I,0.3259867635460433,0.8775465227190682
137941,tmp:UCrl0vQc6AQv4KH4@nan,18,K,0.15069611963604654,0.740353955823526
137942,tmp:UCrl0vQc6AQv4KH4@nan,18,M,0.8003780674692189,0.8276588174353146
137943,tmp:UCrl0vQc6AQv4KH4@nan,18,F,0.6403697454704032,0.8424396007656986
137944,tmp:UCrl0vQc6AQv4KH4@nan,18,P,0.09220793190784993,0.6958458794863256
137945,tmp:UCrl0vQc6AQv4KH4@nan,18,S,0.19645443109752647,0.7729233739181204
137946,tmp:UCrl0vQc6AQv4KH4@nan,18,T,0.05374227627257322,0.802182068566958
137947,tmp:UCrl0vQc6AQv4KH4@nan,18,W,0.19831125511740774,0.7554037048967185
137948,tmp:UCrl0vQc6AQv4KH4@nan,18,Y,0.7460415989207936,0.7840728176514589
137949,tmp:UCrl0vQc6AQv4KH4@nan,18,V,0.1034111176179281,0.8748595681818334
137950,tmp:UCrl0vQc6AQv4KH4@nan,25,A,0.11930652868262034,0.8399381048141638
137951,tmp:UCrl0vQc6AQv4KH4@nan,25,R,0.02897856589083025,0.7536512829679631
137952,tmp:UCrl0vQc6AQv4KH4@nan,25,N,0.039708987869310534,0.7653202393915921
137953,tmp:UCrl0vQc6AQv4KH4@nan,25,D,-0.05191798852443452,0.7291904316928752
137954,tmp:UCrl0vQc6AQv4KH4@nan,25,C,0.12165108362015452,0.829339601535534
137955,tmp:UCrl0vQc6AQv4KH4@nan,25,Q,0.04234240198190442,0.7685802406551218
137956,tmp:UCrl0vQc6AQv4KH4@nan,25,E,0.0,0.7492206967287922
137957,tmp:UCrl0vQc6AQv4KH4@nan,25,G,0.013320722220482972,0.7790391169268613
137958,tmp:UCrl0vQc6AQv4KH4@nan,25,H,0.3123953363951833,0.7604794980940285
137959,tmp:UCrl0vQc6AQv4KH4@nan,25,I,0.888687877727066,0.8923565565794137
137960,tmp:UCrl0vQc6AQv4KH4@nan,25,K,-0.01036156781080666,0.7660369321847058
137961,tmp:UCrl0vQc6AQv4KH4@nan,25,M,0.6424149155288632,0.8533417937964943
137962,tmp:UCrl0vQc6AQv4KH4@nan,25,F,0.6689304040486359,0.8572496346260441
137963,tmp:UCrl0vQc6AQv4KH4@nan,25,P,0.034438136899711536,0.729466073362351
137964,tmp:UCrl0vQc6AQv4KH4@nan,25,S,0.06376564902602211,0.7877334077784659
137965,tmp:UCrl0vQc6AQv4KH4@nan,25,T,0.00838711967488148,0.8169921024273035
137966,tmp:UCrl0vQc6AQv4KH4@nan,25,W,0.19418942736229727,0.7810866812578983
137967,tmp:UCrl0vQc6AQv4KH4@nan,25,Y,0.6223400627059241,0.8097557940126386
137968,tmp:UCrl0vQc6AQv4KH4@nan,25,V,0.6096210950913109,0.8896696020421789
137969,tmp:UCrl0vQc6AQv4KH4@nan,32,A,0.5632167215721768,0.8283896031865602
137970,tmp:UCrl0vQc6AQv4KH4@nan,32,R,0.2045777890129895,0.7312298388395253
137971,tmp:UCrl0vQc6AQv4KH4@nan,32,N,0.09475636017633472,0.7428987952631543
137972,tmp:UCrl0vQc6AQv4KH4@nan,32,D,0.08846227191312084,0.7067689875644374
137973,tmp:UCrl0vQc6AQv4KH4@nan,32,C,0.4450604562116416,0.8069181574070962
137974,tmp:UCrl0vQc6AQv4KH4@nan,32,Q,0.2783580387759562,0.7461587965266839
137975,tmp:UCrl0vQc6AQv4KH4@nan,32,E,0.14195360445039218,0.7267992526003544
137976,tmp:UCrl0vQc6AQv4KH4@nan,32,G,0.08536842535528777,0.7566176727984235
137977,tmp:UCrl0vQc6AQv4KH4@nan,32,H,0.1950216433491424,0.7380580539655907
137978,tmp:UCrl0vQc6AQv4KH4@nan,32,I,0.7322602706757975,0.8808080549518101
137979,tmp:UCrl0vQc6AQv4KH4@nan,32,K,0.1961554828508526,0.743615488056268
137980,tmp:UCrl0vQc6AQv4KH4@nan,32,M,0.9748181639894592,0.8309203496680565
137981,tmp:UCrl0vQc6AQv4KH4@nan,32,F,0.4957010354905586,0.8457011329984405
137982,tmp:UCrl0vQc6AQv4KH4@nan,32,P,0.052846011323116386,0.6991074117190675
137983,tmp:UCrl0vQc6AQv4KH4@nan,32,S,0.09774565474798223,0.7761849061508623
137984,tmp:UCrl0vQc6AQv4KH4@nan,32,T,0.12143292847285925,0.8054436007996999
137985,tmp:UCrl0vQc6AQv4KH4@nan,32,W,0.3167623386115832,0.7586652371294604
137986,tmp:UCrl0vQc6AQv4KH4@nan,32,Y,0.6437770350390235,0.7873343498842008
137987,tmp:UCrl0vQc6AQv4KH4@nan,32,V,0.35059154689192706,0.8781211004145754
137988,tmp:UCrl0vQc6AQv4KH4@nan,4,A,0.9236510990883944,0.8251280709538182
137989,tmp:UCrl0vQc6AQv4KH4@nan,4,R,0.7304105455113779,0.7279683066067834
137990,tmp:UCrl0vQc6AQv4KH4@nan,4,N,0.6932857539778492,0.7396372630304123
137991,tmp:UCrl0vQc6AQv4KH4@nan,4,D,0.689416918909264,0.7035074553316955
137992,tmp:UCrl0vQc6AQv4KH4@nan,4,C,0.7277087107437364,0.8036566251743542
137993,tmp:UCrl0vQc6AQv4KH4@nan,4,Q,0.8662709913397579,0.742897264293942
137994,tmp:UCrl0vQc6AQv4KH4@nan,4,E,0.7683994594075724,0.7235377203676124
137995,tmp:UCrl0vQc6AQv4KH4@nan,4,G,0.6393179105440349,0.7533561405656816
137996,tmp:UCrl0vQc6AQv4KH4@nan,4,H,0.8221457136876302,0.7347965217328487
137997,tmp:UCrl0vQc6AQv4KH4@nan,4,I,0.7808574980049389,0.8775465227190682
137998,tmp:UCrl0vQc6AQv4KH4@nan,4,K,0.6855856055954859,0.740353955823526
137999,tmp:UCrl0vQc6AQv4KH4@nan,4,M,1.0309627255187113,0.8276588174353146
138000,tmp:UCrl0vQc6AQv4KH4@nan,4,F,0.8291646242619468,0.8424396007656986
138001,tmp:UCrl0vQc6AQv4KH4@nan,4,P,0.4656153469903908,0.6958458794863256
138002,tmp:UCrl0vQc6AQv4KH4@nan,4,S,0.7160064363051623,0.7729233739181204
138003,tmp:UCrl0vQc6AQv4KH4@nan,4,T,0.6384177373766988,0.802182068566958
138004,tmp:UCrl0vQc6AQv4KH4@nan,4,W,0.8151714362499214,0.7554037048967185
138005,tmp:UCrl0vQc6AQv4KH4@nan,4,Y,0.8479606595209292,0.7840728176514589
138006,tmp:UCrl0vQc6AQv4KH4@nan,4,V,0.7005653859900747,0.8748595681818334
138007,tmp:UCrl0vQc6AQv4KH4@nan,12,A,0.6875607140484424,0.8655829109736478
138008,tmp:UCrl0vQc6AQv4KH4@nan,12,R,1.0483555888745049,0.908404308228503
138009,tmp:UCrl0vQc6AQv4KH4@nan,12,N,0.7496567827752985,0.8409527883165354
138010,tmp:UCrl0vQc6AQv4KH4@nan,12,D,0.29728976292181275,0.8289141708268853
138011,tmp:UCrl0vQc6AQv4KH4@nan,12,C,0.5916000250798787,0.8427172563794788
138012,tmp:UCrl0vQc6AQv4KH4@nan,12,Q,0.8545105356338226,0.8610678020761338
138013,tmp:UCrl0vQc6AQv4KH4@nan,12,E,0.6044575966394825,0.891032736016309
138014,tmp:UCrl0vQc6AQv4KH4@nan,12,G,0.5862626735641081,0.8352726980928845
138015,tmp:UCrl0vQc6AQv4KH4@nan,12,H,0.8403292735837301,0.8069045753640801
138016,tmp:UCrl0vQc6AQv4KH4@nan,12,I,0.639573721656916,0.8005663065506871
138017,tmp:UCrl0vQc6AQv4KH4@nan,12,L,0.5917330351196073,0.8322998473616807
138018,tmp:UCrl0vQc6AQv4KH4@nan,12,M,0.6110357321739661,0.8147690761706
138019,tmp:UCrl0vQc6AQv4KH4@nan,12,F,0.2834703134471981,0.8065571251228655
138020,tmp:UCrl0vQc6AQv4KH4@nan,12,P,0.058723561223677175,0.7818623688006593
138021,tmp:UCrl0vQc6AQv4KH4@nan,12,S,0.7759189457658143,0.849305762395379
138022,tmp:UCrl0vQc6AQv4KH4@nan,12,T,0.8634757995543622,0.8425062919015179
138023,tmp:UCrl0vQc6AQv4KH4@nan,12,W,0.4077506399089408,0.8057152414052068
138024,tmp:UCrl0vQc6AQv4KH4@nan,12,Y,0.657329546432454,0.8133774445934128
138025,tmp:UCrl0vQc6AQv4KH4@nan,12,V,0.7155034322008786,0.8394632289696546
138026,tmp:UCrl0vQc6AQv4KH4@jun,7,A,0.9188027848085236,0.8662585628616886
138027,tmp:UCrl0vQc6AQv4KH4@jun,7,R,1.0693722363115108,0.9368347174338512
138028,tmp:UCrl0vQc6AQv4KH4@jun,7,N,0.9461204082059133,0.8462547940754256
138029,tmp:UCrl0vQc6AQv4KH4@jun,7,D,0.7855412269225147,0.8262557405990062
138030,tmp:UCrl0vQc6AQv4KH4@jun,7,C,0.8895178049727626,0.8459787886122208
138031,tmp:UCrl0vQc6AQv4KH4@jun,7,Q,0.9470668483024051,0.8663698078350239
138032,tmp:UCrl0vQc6AQv4KH4@jun,7,E,0.8661010375463102,0.8942942682490509
138033,tmp:UCrl0vQc6AQv4KH4@jun,7,G,0.9603528618260057,0.8569423489357996
138034,tmp:UCrl0vQc6AQv4KH4@jun,7,H,0.9830632099233488,0.812814783205551
138035,tmp:UCrl0vQc6AQv4KH4@jun,7,I,0.8621028590764739,0.8207275407802338
138036,tmp:UCrl0vQc6AQv4KH4@jun,7,L,0.8488112588055201,0.8539694982045957
138037,tmp:UCrl0vQc6AQv4KH4@jun,7,M,0.8730350338555994,0.8317778220522558
138038,tmp:UCrl0vQc6AQv4KH4@jun,7,F,0.6923307727073926,0.8098186573556074
138039,tmp:UCrl0vQc6AQv4KH4@jun,7,P,0.10844831477949224,0.8132588350942944
138040,tmp:UCrl0vQc6AQv4KH4@jun,7,S,0.9122966989885472,0.8658660404984806
138041,tmp:UCrl0vQc6AQv4KH4@jun,7,T,0.9013750713871608,0.8478082976604081
138042,tmp:UCrl0vQc6AQv4KH4@jun,7,W,0.8855660061691363,0.8089767736379487
138043,tmp:UCrl0vQc6AQv4KH4@jun,7,Y,0.9510044529740626,0.8166389768261547
138044,tmp:UCrl0vQc6AQv4KH4@jun,7,V,0.8134114891491532,0.8427247612023966
138045,tmp:UCrl0vQc6AQv4KH4@nan,9,A,1.037237315639977,0.8655829109736478
138046,tmp:UCrl0vQc6AQv4KH4@nan,9,R,1.0384803418734347,0.908404308228503
138047,tmp:UCrl0vQc6AQv4KH4@nan,9,N,0.9528878131491336,0.8409527883165354
138048,tmp:UCrl0vQc6AQv4KH4@nan,9,D,0.8765892752796532,0.8289141708268853
138049,tmp:UCrl0vQc6AQv4KH4@nan,9,C,1.009188429603578,0.8427172563794788
138050,tmp:UCrl0vQc6AQv4KH4@nan,9,Q,0.9826973030243784,0.8610678020761338
138051,tmp:UCrl0vQc6AQv4KH4@nan,9,E,0.9874370729947624,0.891032736016309
138052,tmp:UCrl0vQc6AQv4KH4@nan,9,G,0.8895865047862302,0.8352726980928845
138053,tmp:UCrl0vQc6AQv4KH4@nan,9,H,0.938995567748082,0.8069045753640801
138054,tmp:UCrl0vQc6AQv4KH4@nan,9,I,0.9631447037103616,0.8005663065506871
138055,tmp:UCrl0vQc6AQv4KH4@nan,9,L,0.9653449731132684,0.8322998473616807
138056,tmp:UCrl0vQc6AQv4KH4@nan,9,M,0.9897274479356216,0.8147690761706
138057,tmp:UCrl0vQc6AQv4KH4@nan,9,F,0.8783455145839714,0.8065571251228655
138058,tmp:UCrl0vQc6AQv4KH4@nan,9,P,0.10998778936018394,0.7818623688006593
138059,tmp:UCrl0vQc6AQv4KH4@nan,9,S,0.97266207856442,0.849305762395379
138060,tmp:UCrl0vQc6AQv4KH4@nan,9,T,0.9301151250397626,0.8425062919015179
138061,tmp:UCrl0vQc6AQv4KH4@nan,9,W,0.8533307853088902,0.8057152414052068
138062,tmp:UCrl0vQc6AQv4KH4@nan,9,Y,0.8901950075100593,0.8133774445934128
138063,tmp:UCrl0vQc6AQv4KH4@nan,9,V,0.9460860090885608,0.8394632289696546
138064,tmp:UCrl0vQc6AQv4KH4@nan,24,A,0.987893885327927,0.9017449440689715
138065,tmp:UCrl0vQc6AQv4KH4@nan,24,R,1.0070429199879107,0.787888819317703
138066,tmp:UCrl0vQc6AQv4KH4@nan,24,N,0.9526811571813688,0.7837467692873092
138067,tmp:UCrl0vQc6AQv4KH4@nan,24,D,0.9660057840407772,0.7720278113228576
138068,tmp:UCrl0vQc6AQv4KH4@nan,24,C,0.9418172312674936,0.8032197130098285
138069,tmp:UCrl0vQc6AQv4KH4@nan,24,Q,0.9958479336616808,0.780726077984467
138070,tmp:UCrl0vQc6AQv4KH4@nan,24,E,0.9555026668057542,0.7781216682164918
138071,tmp:UCrl0vQc6AQv4KH4@nan,24,G,0.8808578276266115,0.8201407992355143
138072,tmp:UCrl0vQc6AQv4KH4@nan,24,H,0.9838669481724032,0.7660017199842177
138073,tmp:UCrl0vQc6AQv4KH4@nan,24,I,0.9740797022842737,0.9094756145311766
138074,tmp:UCrl0vQc6AQv4KH4@nan,24,L,1.0021610762765345,0.9331295737799246
138075,tmp:UCrl0vQc6AQv4KH4@nan,24,K,1.0109379691058171,0.7782398352508129
138076,tmp:UCrl0vQc6AQv4KH4@nan,24,F,0.9602807262166,0.8423481853224906
138077,tmp:UCrl0vQc6AQv4KH4@nan,24,P,0.12632909157959804,0.7308792015266247
138078,tmp:UCrl0vQc6AQv4KH4@nan,24,S,0.9569873887571144,0.8482700295376194
138079,tmp:UCrl0vQc6AQv4KH4@nan,24,T,1.0140236592272511,0.902264490461117
138080,tmp:UCrl0vQc6AQv4KH4@nan,24,W,0.9131733977959274,0.8007439505504044
138081,tmp:UCrl0vQc6AQv4KH4@nan,24,Y,0.950575934062552,0.8092063717691994
138082,tmp:UCrl0vQc6AQv4KH4@nan,24,V,0.988701363584018,0.9247600623842486
138083,tmp:UCrl0vQc6AQv4KH4@nan,16,A,1.0800897507920215,0.8920751542363021
138084,tmp:UCrl0vQc6AQv4KH4@nan,16,R,1.0523474021744703,0.8109867603379922
138085,tmp:UCrl0vQc6AQv4KH4@nan,16,N,0.9846473426933268,0.8508016283001
138086,tmp:UCrl0vQc6AQv4KH4@nan,16,D,0.9838794530380359,0.835533466766756
138087,tmp:UCrl0vQc6AQv4KH4@nan,16,C,0.9742730946481364,0.8477016779683687
138088,tmp:UCrl0vQc6AQv4KH4@nan,16,Q,1.0239182898437382,0.8288017915671975
138089,tmp:UCrl0vQc6AQv4KH4@nan,16,E,1.0507768121668148,0.8356441725150989
138090,tmp:UCrl0vQc6AQv4KH4@nan,16,G,0.9662396436386728,0.9055224771938527
138091,tmp:UCrl0vQc6AQv4KH4@nan,16,H,0.989509425209628,0.8104795795180245
138092,tmp:UCrl0vQc6AQv4KH4@nan,16,I,0.9571653898288608,0.8173674083437477
138093,tmp:UCrl0vQc6AQv4KH4@nan,16,L,1.0043583805159677,0.8309995515006771
138094,tmp:UCrl0vQc6AQv4KH4@nan,16,K,1.06864695768376,0.8320787560175008
138095,tmp:UCrl0vQc6AQv4KH4@nan,16,M,1.0144211378698331,0.8379258352746339
138096,tmp:UCrl0vQc6AQv4KH4@nan,16,F,0.9616298702286632,0.8285007711004841
138097,tmp:UCrl0vQc6AQv4KH4@nan,16,P,0.2086599995356664,0.80405732128538
138098,tmp:UCrl0vQc6AQv4KH4@nan,16,T,1.0054319808517078,0.8901417689943961
138099,tmp:UCrl0vQc6AQv4KH4@nan,16,W,0.9230387579362904,0.824466338319737
138100,tmp:UCrl0vQc6AQv4KH4@nan,16,Y,0.9854916322818352,0.8285007711004841
138101,tmp:UCrl0vQc6AQv4KH4@nan,16,V,0.9607618163849164,0.8367028417539679
138102,tmp:UCrl0vQc6AQv4KH4@nan,20,A,1.037446913508014,0.9066541400996612
138103,tmp:UCrl0vQc6AQv4KH4@nan,20,R,1.0443116534764731,0.8478408922572797
138104,tmp:UCrl0vQc6AQv4KH4@nan,20,N,1.0109735492780227,0.8876557602193874
138105,tmp:UCrl0vQc6AQv4KH4@nan,20,D,1.0118418912275753,0.877515920203402
138106,tmp:UCrl0vQc6AQv4KH4@nan,20,C,0.9769245985842396,0.858073658620436
138107,tmp:UCrl0vQc6AQv4KH4@nan,20,Q,0.9813620578805708,0.8656559234864849
138108,tmp:UCrl0vQc6AQv4KH4@nan,20,E,1.050907452938928,0.8776266259517449
138109,tmp:UCrl0vQc6AQv4KH4@nan,20,G,0.9621207023100457,0.9201014630572117
138110,tmp:UCrl0vQc6AQv4KH4@nan,20,H,1.008632018556705,0.8208515601700918
138111,tmp:UCrl0vQc6AQv4KH4@nan,20,I,1.0032126338339595,0.8542215402630351
138112,tmp:UCrl0vQc6AQv4KH4@nan,20,L,0.9933730045841139,0.8678536834199645
138113,tmp:UCrl0vQc6AQv4KH4@nan,20,K,1.024297692978628,0.8689328879367882
138114,tmp:UCrl0vQc6AQv4KH4@nan,20,M,0.9910324401804036,0.8482978159267013
138115,tmp:UCrl0vQc6AQv4KH4@nan,20,F,0.971064297452974,0.8410579538080943
138116,tmp:UCrl0vQc6AQv4KH4@nan,20,P,0.17295848110104114,0.8381297486911315
138117,tmp:UCrl0vQc6AQv4KH4@nan,20,T,0.9756193128652209,0.9091599304026606
138118,tmp:UCrl0vQc6AQv4KH4@nan,20,W,0.9584123439644456,0.8348383189718044
138119,tmp:UCrl0vQc6AQv4KH4@nan,20,Y,0.9902596044105442,0.8410579538080943
138120,tmp:UCrl0vQc6AQv4KH4@nan,20,V,1.0541086716987789,0.8735569736732554
138121,tmp:UCrl0vQc6AQv4KH4@nan,10,A,1.013348151324722,0.939315170417623
138122,tmp:UCrl0vQc6AQv4KH4@nan,10,R,0.958706958097702,0.8890368876276117
138123,tmp:UCrl0vQc6AQv4KH4@nan,10,N,1.0179734985535065,0.9460291756323244
138124,tmp:UCrl0vQc6AQv4KH4@nan,10,D,0.9883694961175128,0.904290942315651
138125,tmp:UCrl0vQc6AQv4KH4@nan,10,C,0.9570303308379088,0.9107007835450653
138126,tmp:UCrl0vQc6AQv4KH4@nan,10,Q,1.0425539360641105,0.8994172403069434
138127,tmp:UCrl0vQc6AQv4KH4@nan,10,E,1.037212513488049,0.9066501753359921
138128,tmp:UCrl0vQc6AQv4KH4@nan,10,G,0.9388716214096168,0.9515461910321965
138129,tmp:UCrl0vQc6AQv4KH4@nan,10,H,0.9963702122232811,0.864695411153183
138130,tmp:UCrl0vQc6AQv4KH4@nan,10,I,1.011487630245253,0.8977421900321296
138131,tmp:UCrl0vQc6AQv4KH4@nan,10,L,1.0151543778809842,0.9053725532537619
138132,tmp:UCrl0vQc6AQv4KH4@nan,10,K,0.9898115569359758,0.9051900311296689
138133,tmp:UCrl0vQc6AQv4KH4@nan,10,M,0.9893173856904159,0.8985762144892858
138134,tmp:UCrl0vQc6AQv4KH4@nan,10,F,0.9583079762943966,0.8846779437681344
138135,tmp:UCrl0vQc6AQv4KH4@nan,10,P,0.2393451288478772,0.8242088977736669
138136,tmp:UCrl0vQc6AQv4KH4@nan,10,S,1.0194530113371711,0.9379679776581219
138137,tmp:UCrl0vQc6AQv4KH4@nan,10,W,0.9340686399518812,0.8796928903878732
138138,tmp:UCrl0vQc6AQv4KH4@nan,10,Y,0.8851577924537244,0.8919115375767678
138139,tmp:UCrl0vQc6AQv4KH4@nan,10,V,0.9959983928921344,0.9111613096256371
138140,tmp:UCrl0vQc6AQv4KH4@nan,21,A,0.9107083860001782,0.8961641630300297
138141,tmp:UCrl0vQc6AQv4KH4@nan,21,R,1.0399696967808798,0.798137076594286
138142,tmp:UCrl0vQc6AQv4KH4@nan,21,N,0.8633897722346096,0.8314132156765272
138143,tmp:UCrl0vQc6AQv4KH4@nan,21,D,0.7235665616872338,0.7973145458760584
138144,tmp:UCrl0vQc6AQv4KH4@nan,21,C,0.8281406318090161,0.8207379514400438
138145,tmp:UCrl0vQc6AQv4KH4@nan,21,Q,1.0163379433709896,0.8210890652022118
138146,tmp:UCrl0vQc6AQv4KH4@nan,21,E,0.9219212313073778,0.8231209526290247
138147,tmp:UCrl0vQc6AQv4KH4@nan,21,G,0.4502280454080089,0.846490711203825
138148,tmp:UCrl0vQc6AQv4KH4@nan,21,H,0.99834514351801,0.7942542907105767
138149,tmp:UCrl0vQc6AQv4KH4@nan,21,I,0.9888649182075312,0.8077777258635711
138150,tmp:UCrl0vQc6AQv4KH4@nan,21,L,0.9760536565245322,0.8348376604622463
138151,tmp:UCrl0vQc6AQv4KH4@nan,21,K,1.0086230139081844,0.8154273262155988
138152,tmp:UCrl0vQc6AQv4KH4@nan,21,M,0.9990082467656212,0.817363397532086
138153,tmp:UCrl0vQc6AQv4KH4@nan,21,F,0.980755666739662,0.810328178141684
138154,tmp:UCrl0vQc6AQv4KH4@nan,21,P,0.5867717010481456,0.7980885215752216
138155,tmp:UCrl0vQc6AQv4KH4@nan,21,S,0.8542583732646488,0.9044010694213669
138156,tmp:UCrl0vQc6AQv4KH4@nan,21,W,0.9514051830964468,0.8007626130549418
138157,tmp:UCrl0vQc6AQv4KH4@nan,21,Y,0.9617268348321522,0.8084248162431478
138158,tmp:UCrl0vQc6AQv4KH4@nan,21,V,0.9828864006433184,0.8445349523852814
138159,tmp:UCrl0vQc6AQv4KH4@nan,29,A,0.21331005765304967,0.8365020161072421
138160,tmp:UCrl0vQc6AQv4KH4@nan,29,R,0.02576459531751341,0.7182776679436641
138161,tmp:UCrl0vQc6AQv4KH4@nan,29,N,0.5411952630867507,0.7335028067453199
138162,tmp:UCrl0vQc6AQv4KH4@nan,29,D,0.0900863153897684,0.7285888782273728
138163,tmp:UCrl0vQc6AQv4KH4@nan,29,C,0.8250752146730933,0.7975221688892618
138164,tmp:UCrl0vQc6AQv4KH4@nan,29,Q,0.044715672657677175,0.7367628080088495
138165,tmp:UCrl0vQc6AQv4KH4@nan,29,E,0.4881595242487722,0.7437377560783623
138166,tmp:UCrl0vQc6AQv4KH4@nan,29,G,0.13808495369794327,0.7495832016311917
138167,tmp:UCrl0vQc6AQv4KH4@nan,29,H,0.15166773051673832,0.7357229895717887
138168,tmp:UCrl0vQc6AQv4KH4@nan,29,I,0.9826779551985024,0.8955016513303541
138169,tmp:UCrl0vQc6AQv4KH4@nan,29,L,0.7440919618841817,0.8748749367776099
138170,tmp:UCrl0vQc6AQv4KH4@nan,29,K,0.055946482524992236,0.7313969467139564
138171,tmp:UCrl0vQc6AQv4KH4@nan,29,M,0.4285450647173144,0.8177263244504289
138172,tmp:UCrl0vQc6AQv4KH4@nan,29,F,0.09172275457394874,0.7984135975745246
138173,tmp:UCrl0vQc6AQv4KH4@nan,29,P,0.03634078047948519,0.7182832422868759
138174,tmp:UCrl0vQc6AQv4KH4@nan,29,S,0.03981153564119855,0.7495832016311917
138175,tmp:UCrl0vQc6AQv4KH4@nan,29,T,0.5206183402665487,0.7974309712244881
138176,tmp:UCrl0vQc6AQv4KH4@nan,29,W,0.11153886691007432,0.7416277881870967
138177,tmp:UCrl0vQc6AQv4KH4@nan,29,Y,0.040580969615184204,0.7960423556293789
138178,tmp:UCrl0vQc6AQv4KH4@nan,8,A,0.8701067532934851,0.8638893677896244
138179,tmp:UCrl0vQc6AQv4KH4@nan,8,R,0.9329712288344992,0.7279683066067834
138180,tmp:UCrl0vQc6AQv4KH4@nan,8,N,0.9422540909315391,0.7396372630304123
138181,tmp:UCrl0vQc6AQv4KH4@nan,8,D,0.08489200214312065,0.7420368580853667
138182,tmp:UCrl0vQc6AQv4KH4@nan,8,C,0.9133571770890718,0.8036566251743542
138183,tmp:UCrl0vQc6AQv4KH4@nan,8,Q,0.7939392606179309,0.742897264293942
138184,tmp:UCrl0vQc6AQv4KH4@nan,8,E,0.44829011691974185,0.7680586784371904
138185,tmp:UCrl0vQc6AQv4KH4@nan,8,G,0.4341791616335089,0.7879708632652771
138186,tmp:UCrl0vQc6AQv4KH4@nan,8,H,0.7199519433074771,0.7454136282349078
138187,tmp:UCrl0vQc6AQv4KH4@nan,8,I,1.0697334601490387,0.9036939422201206
138188,tmp:UCrl0vQc6AQv4KH4@nan,8,L,0.9095734907070075,0.886623410045403
138189,tmp:UCrl0vQc6AQv4KH4@nan,8,K,0.96446154945113,0.7541457299334527
138190,tmp:UCrl0vQc6AQv4KH4@nan,8,M,0.9141767593679366,0.813545337977407
138191,tmp:UCrl0vQc6AQv4KH4@nan,8,F,0.6685762289612123,0.7988130312267693
138192,tmp:UCrl0vQc6AQv4KH4@nan,8,P,0.005109848140360529,0.7135467035365934
138193,tmp:UCrl0vQc6AQv4KH4@nan,8,S,0.7535182487773872,0.7879708632652771
138194,tmp:UCrl0vQc6AQv4KH4@nan,8,T,0.7494121165254914,0.832738547595261
138195,tmp:UCrl0vQc6AQv4KH4@nan,8,W,0.7325964436240877,0.7477622444721892
138196,tmp:UCrl0vQc6AQv4KH4@nan,8,Y,0.7150020314680328,0.7942565872260807
