,Ascan_id,aa1,position,AS_score,aa2,uniprot_id,u_pos,note
0,ab40_ddg,F,4,1.1977501480165782,A,P05067,675,
1,ab40_ddg,H,13,0.7087033747779748,A,P05067,684,
2,ab40_ddg,H,14,0.8371817643576078,A,P05067,685,
3,ab40_ddg,Q,15,0.5802249851983418,A,P05067,686,
4,ab40_ddg,K,16,0.3937240970988743,A,P05067,687,
5,ab40_ddg,L,17,0.4641799881586745,A,P05067,688,
6,ab40_ddg,V,18,0.331557134399056,A,P05067,689,
7,ab40_ddg,F,19,0.24037892243931655,A,P05067,690,
8,ab40_ddg,F,20,0.5968028419182944,A,P05067,691,
9,ab40_ddg,E,22,0.9822380106571935,A,P05067,693,
10,ab40_ddg,V,24,0.3066903493191257,A,P05067,695,
11,ab40_ddg,G,25,0.5885139135583181,A,P05067,696,
12,ab40_ddg,S,26,0.8247483718176433,A,P05067,697,
13,ab40_ddg,N,27,0.48075784487862794,A,P05067,698,
14,ab40_ddg,K,28,0.5304914150384836,A,P05067,699,
15,ab40_ddg,G,29,1.023682652457075,A,P05067,700,
16,ab40_ddg,I,31,-0.0,A,P05067,702,
17,ab40_ddg,I,32,0.4766133806986422,A,P05067,703,
18,ab40_ddg,G,33,0.7335701598579036,A,P05067,704,
19,ab40_ddg,L,34,0.40615748963884196,A,P05067,705,
20,ab40_ddg,M,35,0.4393132030787441,A,P05067,706,
21,ab40_ddg,V,36,0.48075784487862794,A,P05067,707,
22,ab40_ddg,G,37,0.609236234458259,A,P05067,708,
23,ab40_ddg,G,38,0.6714031971580814,A,P05067,709,
24,ab40_ddg,V,39,0.8579040852575488,A,P05067,710,
25,ab40_ddg,V,40,0.812314979277679,A,P05067,711,
26,ace2_han_20,E,22,0.260720411663808,A,Q9BYF1,22,
27,ace2_han_20,E,23,0.20926243567753,A,Q9BYF1,23,
28,ace2_han_20,K,26,0.07718696397941689,A,Q9BYF1,26,
29,ace2_han_20,D,30,0.0789022298456261,A,Q9BYF1,30,
30,ace2_han_20,K,31,0.327615780445969,A,Q9BYF1,31,
31,ace2_han_20,H,34,0.499142367066895,A,Q9BYF1,34,
32,ace2_han_20,E,35,0.339622641509434,A,Q9BYF1,35,
33,ace2_han_20,E,37,0.317324185248713,A,Q9BYF1,37,
34,ace2_han_20,D,38,0.157804459691252,A,Q9BYF1,38,
35,ace2_han_20,E,56,0.07718696397941689,A,Q9BYF1,56,
36,ace2_han_20,E,57,0.198970840480274,A,Q9BYF1,57,
37,ace2_han_20,K,68,0.9502572898799311,A,Q9BYF1,68,
38,ace2_han_20,K,74,1.09777015437392,A,Q9BYF1,74,
39,ace2_han_20,E,75,0.85934819897084,A,Q9BYF1,75,
40,ace2_han_40_plasmid,E,22,0.74502712477396,A,Q9BYF1,22,
41,ace2_han_40_plasmid,E,23,0.66003616636528,A,Q9BYF1,23,
42,ace2_han_40_plasmid,K,26,0.42495479204339903,A,Q9BYF1,26,
43,ace2_han_40_plasmid,D,30,0.307414104882459,A,Q9BYF1,30,
44,ace2_han_40_plasmid,K,31,0.66003616636528,A,Q9BYF1,31,
45,ace2_han_40_plasmid,H,34,0.752260397830018,A,Q9BYF1,34,
46,ace2_han_40_plasmid,E,35,0.6582278481012661,A,Q9BYF1,35,
47,ace2_han_40_plasmid,E,37,0.752260397830018,A,Q9BYF1,37,
48,ace2_han_40_plasmid,D,38,0.636528028933092,A,Q9BYF1,38,
49,ace2_han_40_plasmid,E,56,0.32911392405063306,A,Q9BYF1,56,
50,ace2_han_40_plasmid,E,57,0.415913200723327,A,Q9BYF1,57,
51,ace2_han_40_plasmid,K,68,1.06871609403254,A,Q9BYF1,68,
52,ace2_han_40_plasmid,K,74,0.951175406871609,A,Q9BYF1,74,
53,ace2_han_40_plasmid,E,75,1.04339963833634,A,Q9BYF1,75,
54,ace2_han_60,E,22,0.946766851045083,A,Q9BYF1,22,
55,ace2_han_60,E,23,0.7528513387831021,A,Q9BYF1,23,
56,ace2_han_60,K,26,0.509496304273336,A,Q9BYF1,26,
57,ace2_han_60,D,30,0.5676244554310039,A,Q9BYF1,30,
58,ace2_han_60,K,31,0.640682363307063,A,Q9BYF1,31,
59,ace2_han_60,H,34,0.918253463214058,A,Q9BYF1,34,
60,ace2_han_60,E,35,0.882128346957756,A,Q9BYF1,35,
61,ace2_han_60,E,37,0.733834255225414,A,Q9BYF1,37,
62,ace2_han_60,D,38,0.9296588183464679,A,Q9BYF1,38,
63,ace2_han_60,E,56,0.701527240687258,A,Q9BYF1,56,
64,ace2_han_60,E,57,0.602672671202702,A,Q9BYF1,57,
65,ace2_han_60,K,68,0.96578393460277,A,Q9BYF1,68,
66,ace2_han_60,K,74,0.882128346957756,A,Q9BYF1,74,
67,ace2_han_60,E,75,1.00949630427333,A,Q9BYF1,75,
68,ace2_han_60_plasmid,E,22,0.718531468531469,A,Q9BYF1,22,
69,ace2_han_60_plasmid,E,23,0.736013986013986,A,Q9BYF1,23,
70,ace2_han_60_plasmid,K,26,0.391608391608392,A,Q9BYF1,26,
71,ace2_han_60_plasmid,D,30,0.445804195804196,A,Q9BYF1,30,
72,ace2_han_60_plasmid,K,31,0.6993006993007,A,Q9BYF1,31,
73,ace2_han_60_plasmid,H,34,0.75,A,Q9BYF1,34,
74,ace2_han_60_plasmid,E,35,0.694055944055945,A,Q9BYF1,35,
75,ace2_han_60_plasmid,E,37,0.821678321678322,A,Q9BYF1,37,
76,ace2_han_60_plasmid,D,38,0.7727272727272729,A,Q9BYF1,38,
77,ace2_han_60_plasmid,E,56,0.662587412587413,A,Q9BYF1,56,
78,ace2_han_60_plasmid,E,57,0.786713286713287,A,Q9BYF1,57,
79,ace2_han_60_plasmid,K,68,0.9877622377622377,A,Q9BYF1,68,
80,ace2_han_60_plasmid,K,74,1.0104895104895104,A,Q9BYF1,74,
81,ace2_han_60_plasmid,E,75,1.0122377622377623,A,Q9BYF1,75,
82,ace2_li_bind,E,37,0.9732651000550765,A,Q9BYF1,37,
83,ace2_li_bind,D,38,0.9304892601431978,A,Q9BYF1,38,
84,ace2_li_bind,Y,41,0.12121351202496758,A,Q9BYF1,41,
85,ace2_li_bind,K,309,1.0338718560675608,A,Q9BYF1,309,
86,ace2_li_bind,E,312,1.0035799522673035,A,Q9BYF1,312,
87,ace2_li_bind,T,324,0.9857490361666966,A,Q9BYF1,324,
88,ace2_li_bind,D,350,1.0338718560675608,A,Q9BYF1,350,
89,ace2_li_bind,K,353,0.03921883605654478,A,Q9BYF1,353,
90,ace2_li_bind,D,355,0.21034514411602723,A,Q9BYF1,355,
91,ace2_li_bind,R,357,0.18540022030475425,A,Q9BYF1,357,
92,ace2_li_bind,L,359,1.0802276482467346,A,Q9BYF1,359,
93,ace2_li_bind,M,383,0.7237240682944739,A,Q9BYF1,383,
94,ace2_li_bind,P,389,0.8386497154396919,A,Q9BYF1,389,
95,ace2_li_bind,R,393,0.8627455480080775,A,Q9BYF1,393,
96,aicda_gajula_deamine,L,113,-0.015625,A,Q9GZX7,113,
97,aicda_gajula_deamine,Y,114,0.0,A,Q9GZX7,114,
98,aicda_gajula_deamine,F,115,0.0234375,A,Q9GZX7,115,
99,aicda_gajula_deamine,C,116,0.5755208333333333,A,Q9GZX7,116,
100,aicda_gajula_deamine,E,117,0.5078125,A,Q9GZX7,117,
101,aicda_gajula_deamine,D,118,0.25520833333333337,A,Q9GZX7,118,
102,aicda_gajula_deamine,R,119,0.4583333333333333,A,Q9GZX7,119,
103,aicda_gajula_deamine,K,120,0.47135416666666663,A,Q9GZX7,120,
104,aicda_gajula_deamine,E,122,0.026041666666666668,A,Q9GZX7,122,
105,aicda_gajula_deamine,P,123,0.24739583333333334,A,Q9GZX7,123,
106,aicda_gajula_growth,L,113,0.037162162162162164,A,Q9GZX7,113,
107,aicda_gajula_growth,Y,114,0.0472972972972973,A,Q9GZX7,114,
108,aicda_gajula_growth,F,115,0.12837837837837837,A,Q9GZX7,115,
109,aicda_gajula_growth,C,116,0.722972972972973,A,Q9GZX7,116,
110,aicda_gajula_growth,E,117,0.47297297297297297,A,Q9GZX7,117,
111,aicda_gajula_growth,D,118,0.3108108108108108,A,Q9GZX7,118,
112,aicda_gajula_growth,R,119,0.5608108108108109,A,Q9GZX7,119,
113,aicda_gajula_growth,K,120,0.7432432432432432,A,Q9GZX7,120,
114,aicda_gajula_growth,E,122,0.35135135135135137,A,Q9GZX7,122,
115,aicda_gajula_growth,P,123,0.49324324324324326,A,Q9GZX7,123,
116,brca1_mono_ub,I,26,0.09781924912163409,A,P38398,26,
117,brca1_mono_ub,C,27,0.021579506112099023,A,P38398,27,
118,brca1_mono_ub,L,28,0.3065961470208798,A,P38398,28,
119,brca1_mono_ub,C,44,0.06465166762750152,A,P38398,44,
120,brca1_mono_ub,K,45,0.03713673712997678,A,P38398,45,
121,brca1_mono_ub,L,51,1.5238672007281062,A,P38398,51,
122,brca1_mono_ub,K,55,1.5891416896547192,A,P38398,55,
123,brca1_mono_ub,K,65,0.32875986632944587,A,P38398,65,
124,brca1_mono_ub,K,32,1.9216663188194818,A,P38398,32,
125,brca1_mono_ub,P,34,0.8790189806491627,A,P38398,34,
126,brca1_mono_ub,S,36,1.8938339716705381,A,P38398,36,
127,brca1_mono_ub,T,37,1.4847182802435182,A,P38398,37,
128,brca1_myc,I,26,0.8246898634581352,A,P38398,26,
129,brca1_myc,C,27,0.019851895337513414,A,P38398,27,
130,brca1_myc,L,28,-0.032301632217755394,A,P38398,28,
131,brca1_myc,C,44,-0.2755606809116675,A,P38398,44,
132,brca1_myc,K,45,0.02258691417599845,A,P38398,45,
133,brca1_myc,L,51,0.993032394487163,A,P38398,51,
134,brca1_myc,K,55,0.79557276640299,A,P38398,55,
135,brca1_myc,K,65,1.7202925993435565,A,P38398,65,
136,brca1_myc,K,32,1.356102187000003,A,P38398,32,
137,brca1_myc,P,34,2.6294781242745655,A,P38398,34,
138,brca1_myc,S,36,0.7413737428835838,A,P38398,36,
139,brca1_myc,T,37,1.2631037307769581,A,P38398,37,
140,cbs,V,160,0.9184387693832128,A,P35520,160,
141,cbs,V,180,0.06809650147417241,A,P35520,180,
142,cbs,V,204,0.02083109023816446,A,P35520,204,
143,cbs,T,260,0.8830179470325985,A,P35520,260,
144,cbs,E,292,1.0423813486344313,A,P35520,292,
145,cbs,V,354,0.8113443086019322,A,P35520,354,
146,cbs,D,376,0.016462384479886374,A,P35520,376,
147,cbs,S,377,0.6128995881448024,A,P35520,377,
148,cbs,T,403,1.0580781320476496,A,P35520,403,
149,ccr5_blanpain_239,D,2,0.48167539267015635,A,P51681,2,
150,ccr5_blanpain_239,Y,3,0.48952879581151804,A,P51681,3,
151,ccr5_blanpain_239,Q,4,0.9895287958115185,A,P51681,4,
152,ccr5_blanpain_239,V,5,1.1125654450261777,A,P51681,5,
153,ccr5_blanpain_239,S,6,0.9450261780104706,A,P51681,6,
154,ccr5_blanpain_239,S,7,1.0183246073298382,A,P51681,7,
155,ccr5_blanpain_239,P,8,0.9109947643979052,A,P51681,8,
156,ccr5_blanpain_239,I,9,1.3717277486910915,A,P51681,9,
157,ccr5_blanpain_239,Y,10,0.256544502617801,A,P51681,10,
158,ccr5_blanpain_239,D,11,0.07591623036649234,A,P51681,11,
159,ccr5_blanpain_239,I,12,1.0811518324607312,A,P51681,12,
160,ccr5_blanpain_239,N,13,1.1884816753926701,A,P51681,13,
161,ccr5_blanpain_239,E,18,0.5863874345549734,A,P51681,18,
162,ccr5_blanpain_exp,D,2,0.8901734104046243,A,P51681,2,
163,ccr5_blanpain_exp,Y,3,0.6878612716763006,A,P51681,3,
164,ccr5_blanpain_exp,Q,4,1.1676300578034682,A,P51681,4,
165,ccr5_blanpain_exp,V,5,0.8863198458574181,A,P51681,5,
166,ccr5_blanpain_exp,S,6,0.6204238921001927,A,P51681,6,
167,ccr5_blanpain_exp,S,7,0.8420038535645472,A,P51681,7,
168,ccr5_blanpain_exp,P,8,0.7610789980732178,A,P51681,8,
169,ccr5_blanpain_exp,I,9,0.953757225433526,A,P51681,9,
170,ccr5_blanpain_exp,Y,10,0.7418111753371869,A,P51681,10,
171,ccr5_blanpain_exp,D,11,0.5240847784200385,A,P51681,11,
172,ccr5_blanpain_exp,I,12,0.9402697495183044,A,P51681,12,
173,ccr5_blanpain_exp,N,13,0.7880539499036608,A,P51681,13,
174,ccr5_blanpain_exp,E,18,0.6339113680154143,A,P51681,18,
175,ccr5_blanpain_jrfl,D,2,0.381201044386425,A,P51681,2,
176,ccr5_blanpain_jrfl,Y,3,0.49608355091384093,A,P51681,3,
177,ccr5_blanpain_jrfl,Q,4,1.096605744125325,A,P51681,4,
178,ccr5_blanpain_jrfl,V,5,1.0626631853785935,A,P51681,5,
179,ccr5_blanpain_jrfl,S,6,1.1566579634464735,A,P51681,6,
180,ccr5_blanpain_jrfl,S,7,0.8694516971279417,A,P51681,7,
181,ccr5_blanpain_jrfl,P,8,0.6422976501305516,A,P51681,8,
182,ccr5_blanpain_jrfl,I,9,1.2297650130548359,A,P51681,9,
183,ccr5_blanpain_jrfl,Y,10,0.052219321148825416,A,P51681,10,
184,ccr5_blanpain_jrfl,D,11,0.02610966057441286,A,P51681,11,
185,ccr5_blanpain_jrfl,I,12,0.8616187989556175,A,P51681,12,
186,ccr5_blanpain_jrfl,N,13,0.665796344647523,A,P51681,13,
187,ccr5_blanpain_jrfl,E,18,0.09399477806788553,A,P51681,18,
188,ccr5_blanpain_mip1b,D,2,0.35784313725490263,A,P51681,2,
189,ccr5_blanpain_mip1b,Y,3,0.6568627450980404,A,P51681,3,
190,ccr5_blanpain_mip1b,Q,4,2.34803921568628,A,P51681,4,
191,ccr5_blanpain_mip1b,V,5,1.1274509803921597,A,P51681,5,
192,ccr5_blanpain_mip1b,S,6,1.1421568627450993,A,P51681,6,
193,ccr5_blanpain_mip1b,S,7,0.6372549019607843,A,P51681,7,
194,ccr5_blanpain_mip1b,P,8,1.1568627450980422,A,P51681,8,
195,ccr5_blanpain_mip1b,I,9,0.9607843137254913,A,P51681,9,
196,ccr5_blanpain_mip1b,Y,10,0.15196078431372578,A,P51681,10,
197,ccr5_blanpain_mip1b,D,11,0.05882352941176491,A,P51681,11,
198,ccr5_blanpain_mip1b,I,12,0.7450980392156878,A,P51681,12,
199,ccr5_blanpain_mip1b,N,13,0.5294117647058807,A,P51681,13,
200,ccr5_blanpain_mip1b,E,18,0.12254901960784334,A,P51681,18,
201,ccr5_dragic_ada,D,2,0.350000000000001,A,P51681,2,
202,ccr5_dragic_ada,D,11,0.275,A,P51681,11,
203,ccr5_dragic_ada,E,18,0.11666666666666667,A,P51681,18,
204,ccr5_dragic_ada,D,95,0.8583333333333353,A,P51681,95,
205,ccr5_dragic_ada,E,262,1.2666666666666666,A,P51681,262,
206,ccr5_dragic_ada,K,22,1.0041666666666618,A,P51681,22,
207,ccr5_dragic_ada,K,26,1.075,A,P51681,26,
208,ccr5_dragic_ada,R,31,0.8583333333333353,A,P51681,31,
209,ccr5_dragic_ada,H,88,0.9958333333333284,A,P51681,88,
210,ccr5_dragic_ada,R,168,1.2541666666666618,A,P51681,168,
211,ccr5_dragic_ada,H,175,1.1833333333333333,A,P51681,175,
212,ccr5_dragic_ada,H,181,0.7791666666666687,A,P51681,181,
213,ccr5_dragic_ada,N,13,1.0736662257495548,A,P51681,13,
214,ccr5_dragic_ada,Q,93,1.3869929453262777,A,P51681,93,
215,ccr5_dragic_ada,Q,102,0.8773148148148167,A,P51681,102,
216,ccr5_dragic_ada,Y,184,0.6182980599647272,A,P51681,184,
217,ccr5_dragic_ada,Q,188,0.7895833333333349,A,P51681,188,
218,ccr5_dragic_dh123,D,2,0.48535564853556823,A,P51681,2,
219,ccr5_dragic_dh123,D,11,0.01255230125523019,A,P51681,11,
220,ccr5_dragic_dh123,E,18,0.10878661087866164,A,P51681,18,
221,ccr5_dragic_dh123,D,95,1.0251046025104604,A,P51681,95,
222,ccr5_dragic_dh123,E,262,1.2928870292887045,A,P51681,262,
223,ccr5_dragic_dh123,K,22,1.1506276150627623,A,P51681,22,
224,ccr5_dragic_dh123,K,26,0.6359832635983315,A,P51681,26,
225,ccr5_dragic_dh123,R,31,0.48535564853556823,A,P51681,31,
226,ccr5_dragic_dh123,H,88,1.1506276150627623,A,P51681,88,
227,ccr5_dragic_dh123,R,168,1.1171548117154817,A,P51681,168,
228,ccr5_dragic_dh123,H,175,1.3640167364016804,A,P51681,175,
229,ccr5_dragic_dh123,H,181,1.1213389121338968,A,P51681,181,
230,ccr5_dragic_dh123,N,13,1.0404020278497252,A,P51681,13,
231,ccr5_dragic_dh123,Q,93,1.2165991454694407,A,P51681,93,
232,ccr5_dragic_dh123,Q,102,1.044597197316867,A,P51681,102,
233,ccr5_dragic_dh123,Y,184,0.9103517743685177,A,P51681,184,
234,ccr5_dragic_dh123,Q,188,1.0529875362511407,A,P51681,188,
235,ccr5_dragic_jrfl,D,2,0.42916666666666764,A,P51681,2,
236,ccr5_dragic_jrfl,D,11,0.22916666666666666,A,P51681,11,
237,ccr5_dragic_jrfl,E,18,0.058333333333333334,A,P51681,18,
238,ccr5_dragic_jrfl,D,95,0.8916666666666696,A,P51681,95,
239,ccr5_dragic_jrfl,E,262,1.2416666666666667,A,P51681,262,
240,ccr5_dragic_jrfl,K,22,0.9125000000000021,A,P51681,22,
241,ccr5_dragic_jrfl,K,26,1.175,A,P51681,26,
242,ccr5_dragic_jrfl,R,31,0.8833333333333354,A,P51681,31,
243,ccr5_dragic_jrfl,H,88,0.862500000000002,A,P51681,88,
244,ccr5_dragic_jrfl,R,168,0.8833333333333354,A,P51681,168,
245,ccr5_dragic_jrfl,H,175,1.0833333333333333,A,P51681,175,
246,ccr5_dragic_jrfl,H,181,1.0,A,P51681,181,
247,ccr5_dragic_jrfl,N,13,0.9274470899470922,A,P51681,13,
248,ccr5_dragic_jrfl,Q,93,1.2658399470899486,A,P51681,93,
249,ccr5_dragic_jrfl,Q,102,0.7937610229276909,A,P51681,102,
250,ccr5_dragic_jrfl,Y,184,0.7478064373897725,A,P51681,184,
251,ccr5_dragic_jrfl,Q,188,0.8982032627865989,A,P51681,188,
252,ccr5_dragic_mip1a,D,2,0.81,A,P51681,2,
253,ccr5_dragic_mip1a,D,11,0.1,A,P51681,11,
254,ccr5_dragic_mip1a,N,13,1.21,A,P51681,13,
255,ccr5_dragic_mip1a,E,18,1.0,A,P51681,18,
256,ccr5_dragic_mip1a,K,22,0.19,A,P51681,22,
257,ccr5_dragic_mip1a,K,26,1.0,A,P51681,26,
258,ccr5_dragic_mip1a,R,31,-0.05,A,P51681,31,
259,ccr5_dragic_mip1a,H,88,0.98,A,P51681,88,
260,ccr5_dragic_mip1a,Q,93,0.88,A,P51681,93,
261,ccr5_dragic_mip1a,D,95,1.07,A,P51681,95,
262,ccr5_dragic_mip1a,Q,102,1.07,A,P51681,102,
263,ccr5_dragic_mip1a,R,168,0.9,A,P51681,168,
264,ccr5_dragic_mip1a,H,175,1.19,A,P51681,175,
265,ccr5_dragic_mip1a,H,181,0.29,A,P51681,181,
266,ccr5_dragic_mip1a,Y,184,1.02,A,P51681,184,
267,ccr5_dragic_mip1a,Q,188,0.95,A,P51681,188,
268,ccr5_dragic_mip1a,E,262,1.0,A,P51681,262,
269,ccr5_dragic_mip1b,D,2,0.97,A,P51681,2,
270,ccr5_dragic_mip1b,D,11,0.41,A,P51681,11,
271,ccr5_dragic_mip1b,N,13,0.93,A,P51681,13,
272,ccr5_dragic_mip1b,E,18,1.0,A,P51681,18,
273,ccr5_dragic_mip1b,K,22,0.12,A,P51681,22,
274,ccr5_dragic_mip1b,K,26,0.97,A,P51681,26,
275,ccr5_dragic_mip1b,R,31,0.02,A,P51681,31,
276,ccr5_dragic_mip1b,H,88,0.95,A,P51681,88,
277,ccr5_dragic_mip1b,Q,93,0.97,A,P51681,93,
278,ccr5_dragic_mip1b,D,95,1.12,A,P51681,95,
279,ccr5_dragic_mip1b,Q,102,0.98,A,P51681,102,
280,ccr5_dragic_mip1b,R,168,0.88,A,P51681,168,
281,ccr5_dragic_mip1b,H,175,1.0,A,P51681,175,
282,ccr5_dragic_mip1b,H,181,0.53,A,P51681,181,
283,ccr5_dragic_mip1b,Y,184,0.68,A,P51681,184,
284,ccr5_dragic_mip1b,Q,188,0.75,A,P51681,188,
285,ccr5_dragic_mip1b,E,262,1.02,A,P51681,262,
286,ccr5_dragic_pantes,D,2,0.85,A,P51681,2,
287,ccr5_dragic_pantes,D,11,0.07,A,P51681,11,
288,ccr5_dragic_pantes,N,13,0.92,A,P51681,13,
289,ccr5_dragic_pantes,E,18,0.62,A,P51681,18,
290,ccr5_dragic_pantes,K,22,-0.11,A,P51681,22,
291,ccr5_dragic_pantes,K,26,1.0,A,P51681,26,
292,ccr5_dragic_pantes,R,31,-0.16,A,P51681,31,
293,ccr5_dragic_pantes,H,88,0.99,A,P51681,88,
294,ccr5_dragic_pantes,Q,93,1.14,A,P51681,93,
295,ccr5_dragic_pantes,D,95,1.21,A,P51681,95,
296,ccr5_dragic_pantes,Q,102,0.93,A,P51681,102,
297,ccr5_dragic_pantes,R,168,0.96,A,P51681,168,
298,ccr5_dragic_pantes,H,175,0.95,A,P51681,175,
299,ccr5_dragic_pantes,H,181,0.39,A,P51681,181,
300,ccr5_dragic_pantes,Y,184,0.36,A,P51681,184,
301,ccr5_dragic_pantes,Q,188,0.51,A,P51681,188,
302,ccr5_dragic_pantes,E,262,1.0,A,P51681,262,
303,ccr5_dragic_vir,D,2,1.0037735849056604,A,P51681,2,
304,ccr5_dragic_vir,Y,3,0.9981132075471699,A,P51681,3,
305,ccr5_dragic_vir,Q,4,0.9886792452830189,A,P51681,4,
306,ccr5_dragic_vir,S,6,0.9792452830188679,A,P51681,6,
307,ccr5_dragic_vir,S,7,0.9886792452830189,A,P51681,7,
308,ccr5_dragic_vir,P,8,0.9603773584905662,A,P51681,8,
309,ccr5_dragic_vir,Y,10,1.0,A,P51681,10,
310,ccr5_dragic_vir,D,11,1.0,A,P51681,11,
311,ccr5_dragic_vir,N,13,1.00188679245283,A,P51681,13,
312,ccr5_dragic_vir,Y,14,1.00188679245283,A,P51681,14,
313,ccr5_dragic_vir,Y,15,1.0,A,P51681,15,
314,ccr5_dragic_vir,T,16,0.939622641509434,A,P51681,16,
315,ccr5_dragic_vir,S,17,1.00188679245283,A,P51681,17,
316,ccr5_dragic_vir,E,18,0.9981132075471699,A,P51681,18,
317,ccr5_dragic_vir,P,19,0.939622641509434,A,P51681,19,
318,ccr5_dragic_vir,C,20,1.0,A,P51681,20,
319,ccr5_dragic_vir,Q,21,1.0,A,P51681,21,
320,ccr5_dragic_vir,K,22,1.0,A,P51681,22,
321,ccr5_dragic_vir,N,24,0.9207547169811321,A,P51681,24,
322,ccr5_dragic_vir,K,26,0.9792452830188679,A,P51681,26,
323,ccr5_dragic_vir,Q,27,0.949056603773585,A,P51681,27,
324,ccr5_dragic_vir,H,88,1.0,A,P51681,88,
325,ccr5_dragic_vir,Y,89,0.9981132075471699,A,P51681,89,
326,ccr5_dragic_vir,Q,93,1.0,A,P51681,93,
327,ccr5_dragic_vir,W,94,1.0,A,P51681,94,
328,ccr5_dragic_vir,D,95,1.0,A,P51681,95,
329,ccr5_dragic_vir,F,96,0.9981132075471699,A,P51681,96,
330,ccr5_dragic_vir,N,98,0.9981132075471699,A,P51681,98,
331,ccr5_dragic_vir,T,99,1.00188679245283,A,P51681,99,
332,ccr5_dragic_vir,M,100,1.0,A,P51681,100,
333,ccr5_dragic_vir,C,101,1.0,A,P51681,101,
334,ccr5_dragic_vir,Q,102,1.0,A,P51681,102,
335,ccr5_dragic_vir,R,168,1.0,A,P51681,168,
336,ccr5_dragic_vir,S,169,1.001923076923077,A,P51681,169,
337,ccr5_dragic_vir,Q,170,0.9903846153846154,A,P51681,170,
338,ccr5_dragic_vir,H,175,1.001923076923077,A,P51681,175,
339,ccr5_dragic_vir,Y,176,1.0038461538461538,A,P51681,176,
340,ccr5_dragic_vir,T,177,0.9788461538461539,A,P51681,177,
341,ccr5_dragic_vir,C,178,1.001923076923077,A,P51681,178,
342,ccr5_dragic_vir,S,179,0.9692307692307693,A,P51681,179,
343,ccr5_dragic_vir,S,180,0.9903846153846154,A,P51681,180,
344,ccr5_dragic_vir,H,181,1.0,A,P51681,181,
345,ccr5_dragic_vir,F,182,1.001923076923077,A,P51681,182,
346,ccr5_dragic_vir,P,183,1.0038461538461538,A,P51681,183,
347,ccr5_dragic_vir,Y,184,1.0,A,P51681,184,
348,ccr5_dragic_vir,S,185,1.0,A,P51681,185,
349,ccr5_dragic_vir,Q,186,1.001923076923077,A,P51681,186,
350,ccr5_dragic_vir,Y,187,1.001923076923077,A,P51681,187,
351,ccr5_dragic_vir,Q,188,1.0,A,P51681,188,
352,ccr5_dragic_vir,F,189,0.9,A,P51681,189,
353,ccr5_dragic_vir,W,190,1.001923076923077,A,P51681,190,
354,ccr5_dragic_vir,F,193,1.0,A,P51681,193,
355,ccr5_dragic_vir,Q,194,0.9903846153846154,A,P51681,194,
356,ccr5_dragic_vir,E,262,1.0,A,P51681,262,
357,ccr5_dragic_vir,F,263,1.0,A,P51681,263,
358,ccr5_dragic_vir,F,264,0.951923076923077,A,P51681,264,
359,ccr5_dragic_vir,N,267,1.0,A,P51681,267,
360,ccr5_dragic_vir,N,268,1.0,A,P51681,268,
361,ccr5_dragic_vir,C,269,1.001923076923077,A,P51681,269,
362,ccr5_dragic_vir,S,270,0.9807692307692308,A,P51681,270,
363,ccr5_dragic_vir,S,271,0.9,A,P51681,271,
364,ccr5_dragic_vir,S,272,1.001923076923077,A,P51681,272,
365,ccr5_dragic_vir,N,273,1.001923076923077,A,P51681,273,
366,ccr5_dragic_vir,Q,277,0.9980769230769231,A,P51681,277,
367,ccr5_dragic_vir,R,31,0.7101727447216899,A,P51681,31,
368,ccr5_dragic_vir,L,33,0.598848368522073,A,P51681,33,
369,ccr5_dragic_vir,Y,37,0.25911708253358995,A,P51681,37,
370,ccr5_dragic_vir,F,41,0.9500959692898272,A,P51681,41,
371,ccr5_dragic_vir,N,48,0.9884836852207295,A,P51681,48,
372,ccr5_dragic_vir,I,52,0.9097888675623799,A,P51681,52,
373,ccr5_dragic_vir,L,55,0.9788867562380039,A,P51681,55,
374,ccr5_dragic_vir,I,56,0.9193857965451057,A,P51681,56,
375,ccr5_dragic_vir,Y,68,1.0038387715930903,A,P51681,68,
376,ccr5_dragic_vir,L,69,0.9404990403071016,A,P51681,69,
377,ccr5_dragic_vir,N,71,0.9289827255278311,A,P51681,71,
378,ccr5_dragic_vir,D,76,0.9904030710172745,A,P51681,76,
379,ccr5_dragic_vir,F,79,0.861804222648753,A,P51681,79,
380,ccr5_dragic_vir,T,82,0.719769673704415,A,P51681,82,
381,ccr5_dragic_vir,F,85,1.001919385796545,A,P51681,85,
382,ccr5_dragic_vir,W,86,0.20921305182341698,A,P51681,86,
383,ccr5_dragic_vir,L,104,0.861804222648753,A,P51681,104,
384,ccr5_dragic_vir,T,105,1.0,A,P51681,105,
385,ccr5_dragic_vir,Y,108,-0.0,A,P51681,108,
386,ccr5_dragic_vir,F,112,0.9404990403071016,A,P51681,112,
387,ccr5_dragic_vir,F,113,0.9001919385796543,A,P51681,113,
388,ccr5_dragic_vir,F,117,1.0,A,P51681,117,
389,ccr5_dragic_vir,F,118,0.9097888675623799,A,P51681,118,
390,ccr5_dragic_vir,L,121,0.9596928982725528,A,P51681,121,
391,ccr5_dragic_vir,L,122,0.9692898272552785,A,P51681,122,
392,ccr5_dragic_vir,T,123,0.48944337811900196,A,P51681,123,
393,ccr5_dragic_vir,F,144,0.9193857965451057,A,P51681,144,
394,ccr5_dragic_vir,T,195,0.9788867562380039,A,P51681,195,
395,ccr5_dragic_vir,I,198,0.809980806142035,A,P51681,198,
396,ccr5_dragic_vir,Y,251,1.001919385796545,A,P51681,251,
397,ccr5_dragic_vir,N,252,1.001919385796545,A,P51681,252,
398,ccr5_dragic_vir,L,255,0.9904030710172745,A,P51681,255,
399,ccr5_dragic_vir,N,258,0.9097888675623799,A,P51681,258,
400,ccr5_dragic_vir,T,259,0.9193857965451057,A,P51681,259,
401,ccr5_dragic_vir,M,279,1.0,A,P51681,279,
402,ccr5_dragic_vir,E,283,0.7293666026871409,A,P51681,283,
403,ccr5_dragic_vir,H,289,0.9500959692898272,A,P51681,289,
404,ccr5_dragic_vir,N,293,1.001919385796545,A,P51681,293,
405,ccr5_dragic_vir,Y,297,0.9884836852207295,A,P51681,297,
406,ccr5_nave_227r,D,2,1.3978494623655886,A,P51681,2,
407,ccr5_nave_227r,E,18,0.8494623655913973,A,P51681,18,
408,ccr5_nave_227r,K,22,1.784946236559133,A,P51681,22,
409,ccr5_nave_227r,K,26,0.865591397849462,A,P51681,26,
410,ccr5_nave_227r,R,31,0.7258064516129032,A,P51681,31,
411,ccr5_nave_227r,D,95,0.38172043010752593,A,P51681,95,
412,ccr5_nave_227r,R,168,0.4301075268817198,A,P51681,168,
413,ccr5_nave_227r,K,171,0.7580645161290325,A,P51681,171,
414,ccr5_nave_227r,E,172,0.7473118279569887,A,P51681,172,
415,ccr5_nave_227r,K,191,0.9301075268817206,A,P51681,191,
416,ccr5_nave_227r,K,197,1.1075268817204296,A,P51681,197,
417,ccr5_nave_227r,E,262,1.9086021505376263,A,P51681,262,
418,ccr5_nave_227r,R,274,0.4301075268817198,A,P51681,274,
419,ccr5_nave_227r,D,276,1.1935483870967663,A,P51681,276,
420,ccr5_nave_mip1a,D,2,0.20394736842105265,A,P51681,2,
421,ccr5_nave_mip1a,D,11,0.006578947368420989,A,P51681,11,
422,ccr5_nave_mip1a,E,18,0.062499999999999785,A,P51681,18,
423,ccr5_nave_mip1a,K,22,0.30263157894736814,A,P51681,22,
424,ccr5_nave_mip1a,K,26,0.1940789473684209,A,P51681,26,
425,ccr5_nave_mip1a,R,31,0.6250000000000001,A,P51681,31,
426,ccr5_nave_mip1a,D,95,0.29276315789473706,A,P51681,95,
427,ccr5_nave_mip1a,R,168,0.12171052631578895,A,P51681,168,
428,ccr5_nave_mip1a,K,171,0.10197368421052612,A,P51681,171,
429,ccr5_nave_mip1a,E,172,0.10855263157894685,A,P51681,172,
430,ccr5_nave_mip1a,K,191,0.016447368421052804,A,P51681,191,
431,ccr5_nave_mip1a,K,197,0.1447368421052628,A,P51681,197,
432,ccr5_nave_mip1a,E,262,1.0953947368421018,A,P51681,262,
433,ccr5_nave_mip1a,R,274,0.3190789473684213,A,P51681,274,
434,ccr5_nave_mip1a,D,276,0.15789473684210492,A,P51681,276,
435,ccr5_nave_mip2,D,2,0.4292035398230087,A,P51681,2,
436,ccr5_nave_mip2,D,11,-0.1415929203539819,A,P51681,11,
437,ccr5_nave_mip2,E,18,-0.05752212389380502,A,P51681,18,
438,ccr5_nave_mip2,K,22,1.1858407079645965,A,P51681,22,
439,ccr5_nave_mip2,K,26,1.1194690265486622,A,P51681,26,
440,ccr5_nave_mip2,R,31,0.960176991150443,A,P51681,31,
441,ccr5_nave_mip2,D,95,0.6637168141592915,A,P51681,95,
442,ccr5_nave_mip2,R,168,0.7168141592920355,A,P51681,168,
443,ccr5_nave_mip2,K,171,0.4557522123893801,A,P51681,171,
444,ccr5_nave_mip2,E,172,0.5619469026548669,A,P51681,172,
445,ccr5_nave_mip2,K,191,0.8362831858407083,A,P51681,191,
446,ccr5_nave_mip2,K,197,1.0442477876106198,A,P51681,197,
447,ccr5_nave_mip2,E,262,1.0884955752212355,A,P51681,262,
448,ccr5_nave_mip2,R,274,0.5309734513274332,A,P51681,274,
449,ccr5_nave_mip2,D,276,0.8407079646017703,A,P51681,276,
450,ccr5_nave_rantes,D,2,0.31714285714285745,A,P51681,2,
451,ccr5_nave_rantes,D,11,0.008571428571428478,A,P51681,11,
452,ccr5_nave_rantes,E,18,0.07714285714285685,A,P51681,18,
453,ccr5_nave_rantes,K,22,0.8200000000000004,A,P51681,22,
454,ccr5_nave_rantes,K,26,0.4228571428571434,A,P51681,26,
455,ccr5_nave_rantes,R,31,0.745714285714283,A,P51681,31,
456,ccr5_nave_rantes,D,95,0.4600000000000003,A,P51681,95,
457,ccr5_nave_rantes,R,168,0.577142857142853,A,P51681,168,
458,ccr5_nave_rantes,K,171,0.24571428571428577,A,P51681,171,
459,ccr5_nave_rantes,E,172,0.8657142857142848,A,P51681,172,
460,ccr5_nave_rantes,K,191,0.11428571428571434,A,P51681,191,
461,ccr5_nave_rantes,K,197,0.7942857142857113,A,P51681,197,
462,ccr5_nave_rantes,E,262,1.0171428571428573,A,P51681,262,
463,ccr5_nave_rantes,R,274,0.48000000000000087,A,P51681,274,
464,ccr5_nave_rantes,D,276,0.7314285714285695,A,P51681,276,
465,ccr5_rabut_ada,Y,3,0.7931034482758614,A,P51681,3,
466,ccr5_rabut_ada,Q,4,1.2988505747126382,A,P51681,4,
467,ccr5_rabut_ada,S,6,1.2126436781609111,A,P51681,6,
468,ccr5_rabut_ada,S,7,1.0804597701149357,A,P51681,7,
469,ccr5_rabut_ada,P,8,1.2643678160919474,A,P51681,8,
470,ccr5_rabut_ada,Y,10,0.4999999999999995,A,P51681,10,
471,ccr5_rabut_ada,Y,14,0.471264367816091,A,P51681,14,
472,ccr5_rabut_ada,Y,15,0.017241379310344664,A,P51681,15,
473,ccr5_rabut_ada,T,16,1.36781609195402,A,P51681,16,
474,ccr5_rabut_ada,S,17,0.27586206896551646,A,P51681,17,
475,ccr5_rabut_ada,P,19,1.1609195402298846,A,P51681,19,
476,ccr5_rabut_ada,C,20,0.29885057471264337,A,P51681,20,
477,ccr5_rabut_ada,Q,21,1.3160919540229838,A,P51681,21,
478,ccr5_rabut_ada,N,24,1.0862068965517142,A,P51681,24,
479,ccr5_rabut_ada,Q,27,1.0517241379310334,A,P51681,27,
480,ccr5_rabut_dh123,Y,3,0.39887640449438183,A,P51681,3,
481,ccr5_rabut_dh123,Q,4,1.044943820224718,A,P51681,4,
482,ccr5_rabut_dh123,S,6,1.1853932584269642,A,P51681,6,
483,ccr5_rabut_dh123,S,7,1.0561797752808952,A,P51681,7,
484,ccr5_rabut_dh123,P,8,1.2865168539325798,A,P51681,8,
485,ccr5_rabut_dh123,Y,10,0.022471910112359484,A,P51681,10,
486,ccr5_rabut_dh123,Y,14,0.0056179775280896845,A,P51681,14,
487,ccr5_rabut_dh123,Y,15,-0.005617977528090087,A,P51681,15,
488,ccr5_rabut_dh123,T,16,1.2640449438202153,A,P51681,16,
489,ccr5_rabut_dh123,S,17,0.21348314606741556,A,P51681,17,
490,ccr5_rabut_dh123,P,19,1.5730337078651608,A,P51681,19,
491,ccr5_rabut_dh123,C,20,0.01123595505617969,A,P51681,20,
492,ccr5_rabut_dh123,Q,21,1.0898876404494373,A,P51681,21,
493,ccr5_rabut_dh123,N,24,1.2808988764044913,A,P51681,24,
494,ccr5_rabut_dh123,Q,27,1.2303370786516834,A,P51681,27,
495,ccr5_rabut_exp,Y,3,0.81,A,P51681,3,
496,ccr5_rabut_exp,Q,4,0.74,A,P51681,4,
497,ccr5_rabut_exp,S,6,1.51,A,P51681,6,
498,ccr5_rabut_exp,S,7,1.06,A,P51681,7,
499,ccr5_rabut_exp,P,8,0.77,A,P51681,8,
500,ccr5_rabut_exp,Y,10,0.71,A,P51681,10,
501,ccr5_rabut_exp,Y,14,0.8,A,P51681,14,
502,ccr5_rabut_exp,Y,15,0.6,A,P51681,15,
503,ccr5_rabut_exp,T,16,1.02,A,P51681,16,
504,ccr5_rabut_exp,S,17,1.42,A,P51681,17,
505,ccr5_rabut_exp,P,19,1.07,A,P51681,19,
506,ccr5_rabut_exp,C,20,0.91,A,P51681,20,
507,ccr5_rabut_exp,Q,21,0.83,A,P51681,21,
508,ccr5_rabut_exp,N,24,0.93,A,P51681,24,
509,ccr5_rabut_exp,Q,27,1.14,A,P51681,27,
510,ccr5_rabut_gun1,Y,3,0.36871508379888257,A,P51681,3,
511,ccr5_rabut_gun1,Q,4,0.9832402234636889,A,P51681,4,
512,ccr5_rabut_gun1,S,6,1.0558659217877073,A,P51681,6,
513,ccr5_rabut_gun1,S,7,1.0279329608938486,A,P51681,7,
514,ccr5_rabut_gun1,P,8,1.0782122905027862,A,P51681,8,
515,ccr5_rabut_gun1,Y,10,0.01117318435754184,A,P51681,10,
516,ccr5_rabut_gun1,Y,14,0.0,A,P51681,14,
517,ccr5_rabut_gun1,Y,15,-0.0055865921787711615,A,P51681,15,
518,ccr5_rabut_gun1,T,16,1.2067039106145196,A,P51681,16,
519,ccr5_rabut_gun1,S,17,0.21787709497206714,A,P51681,17,
520,ccr5_rabut_gun1,P,19,1.2067039106145196,A,P51681,19,
521,ccr5_rabut_gun1,C,20,0.11173184357541842,A,P51681,20,
522,ccr5_rabut_gun1,Q,21,1.2458100558659178,A,P51681,21,
523,ccr5_rabut_gun1,N,24,1.0111731843575393,A,P51681,24,
524,ccr5_rabut_gun1,Q,27,1.0167597765363092,A,P51681,27,
525,ccr5_rabut_jrfl,Y,3,0.8114285714285763,A,P51681,3,
526,ccr5_rabut_jrfl,Q,4,1.2457142857142929,A,P51681,4,
527,ccr5_rabut_jrfl,S,6,1.1200000000000052,A,P51681,6,
528,ccr5_rabut_jrfl,S,7,1.0285714285714331,A,P51681,7,
529,ccr5_rabut_jrfl,P,8,1.3828571428571461,A,P51681,8,
530,ccr5_rabut_jrfl,Y,10,0.3142857142857156,A,P51681,10,
531,ccr5_rabut_jrfl,Y,14,0.24571428571428702,A,P51681,14,
532,ccr5_rabut_jrfl,Y,15,0.022857142857143114,A,P51681,15,
533,ccr5_rabut_jrfl,T,16,1.137142857142863,A,P51681,16,
534,ccr5_rabut_jrfl,S,17,0.2742857142857152,A,P51681,17,
535,ccr5_rabut_jrfl,P,19,1.3028571428571494,A,P51681,19,
536,ccr5_rabut_jrfl,C,20,0.2914285714285731,A,P51681,20,
537,ccr5_rabut_jrfl,Q,21,1.0571428571428563,A,P51681,21,
538,ccr5_rabut_jrfl,N,24,1.21714285714286,A,P51681,24,
539,ccr5_rabut_jrfl,Q,27,1.21714285714286,A,P51681,27,
540,ccr5_tan_exp,Q,21,0.990521327014218,A,P51681,21,
541,ccr5_tan_exp,K,22,1.21090047393364,A,P51681,22,
542,ccr5_tan_exp,I,23,1.0,A,P51681,23,
543,ccr5_tan_exp,N,24,0.9691943127962079,A,P51681,24,
544,ccr5_tan_exp,V,25,1.07109004739336,A,P51681,25,
545,ccr5_tan_exp,K,26,1.17061611374407,A,P51681,26,
546,ccr5_tan_exp,Q,27,1.03791469194312,A,P51681,27,
547,ccr5_tan_exp,I,28,1.09004739336492,A,P51681,28,
548,ccr5_tan_exp,R,31,1.02843601895734,A,P51681,31,
549,ccr5_tan_exp,L,32,0.8791469194312791,A,P51681,32,
550,ccr5_tan_exp,L,33,0.8270142180094779,A,P51681,33,
551,ccr5_tan_exp,P,34,0.919431279620853,A,P51681,34,
552,ccr5_tan_exp,P,35,1.10900473933649,A,P51681,35,
553,ccr5_tan_exp,L,36,1.03080568720379,A,P51681,36,
554,ccr5_tan_exp,Y,37,0.869668246445497,A,P51681,37,
555,ccr5_tan_exp,S,38,0.8672985781990521,A,P51681,38,
556,ccr5_tan_jrfl,Q,21,1.06027820710973,A,P51681,21,
557,ccr5_tan_jrfl,K,22,1.02627511591962,A,P51681,22,
558,ccr5_tan_jrfl,I,23,1.7001545595054,A,P51681,23,
559,ccr5_tan_jrfl,N,24,1.53941267387944,A,P51681,24,
560,ccr5_tan_jrfl,V,25,1.1221020092735698,A,P51681,25,
561,ccr5_tan_jrfl,K,26,0.973724884080371,A,P51681,26,
562,ccr5_tan_jrfl,Q,27,0.880989180834621,A,P51681,27,
563,ccr5_tan_jrfl,I,28,0.7017001545595051,A,P51681,28,
564,ccr5_tan_jrfl,R,31,0.905718701700154,A,P51681,31,
565,ccr5_tan_jrfl,L,32,0.500772797527047,A,P51681,32,
566,ccr5_tan_jrfl,L,33,1.19629057187017,A,P51681,33,
567,ccr5_tan_jrfl,P,34,0.979907264296754,A,P51681,34,
568,ccr5_tan_jrfl,P,35,1.26738794435857,A,P51681,35,
569,ccr5_tan_jrfl,L,36,0.822256568778979,A,P51681,36,
570,ccr5_tan_jrfl,Y,37,0.6491499227202471,A,P51681,37,
571,ccr5_tan_jrfl,S,38,1.07882534775888,A,P51681,38,
572,ccr5_tan_sf162,Q,21,1.20247295208655,A,P51681,21,
573,ccr5_tan_sf162,K,22,0.9520865533230289,A,P51681,22,
574,ccr5_tan_sf162,I,23,1.53323029366306,A,P51681,23,
575,ccr5_tan_sf162,N,24,1.40030911901081,A,P51681,24,
576,ccr5_tan_sf162,V,25,0.822256568778979,A,P51681,25,
577,ccr5_tan_sf162,K,26,0.565687789799072,A,P51681,26,
578,ccr5_tan_sf162,Q,27,1.02318392581143,A,P51681,27,
579,ccr5_tan_sf162,I,28,0.828438948995363,A,P51681,28,
580,ccr5_tan_sf162,R,31,0.9829984544049459,A,P51681,31,
581,ccr5_tan_sf162,L,32,0.503863987635239,A,P51681,32,
582,ccr5_tan_sf162,L,33,1.14374034003091,A,P51681,33,
583,ccr5_tan_sf162,P,34,0.803709428129829,A,P51681,34,
584,ccr5_tan_sf162,P,35,1.17465224111282,A,P51681,35,
585,ccr5_tan_sf162,L,36,0.275115919629057,A,P51681,36,
586,ccr5_tan_sf162,Y,37,0.6800618238021631,A,P51681,37,
587,ccr5_tan_sf162,S,38,0.862442040185471,A,P51681,38,
588,ccr5_zhang_2d7,Y,3,1.01,A,P51681,3,
589,ccr5_zhang_2d7,S,6,1.0,A,P51681,6,
590,ccr5_zhang_2d7,S,7,0.99,A,P51681,7,
591,ccr5_zhang_2d7,I,9,1.04,A,P51681,9,
592,ccr5_zhang_2d7,K,171,0.0,A,P51681,171,
593,ccr5_zhang_2d7,E,172,0.0,A,P51681,172,
594,ccr5_zhang_2d7,W,190,0.1,A,P51681,190,
595,ccr5_zhang_roab12,Y,3,0.97,A,P51681,3,
596,ccr5_zhang_roab12,S,6,0.96,A,P51681,6,
597,ccr5_zhang_roab12,S,7,0.94,A,P51681,7,
598,ccr5_zhang_roab12,I,9,1.03,A,P51681,9,
599,ccr5_zhang_roab12,K,171,0.11,A,P51681,171,
600,ccr5_zhang_roab12,E,172,0.09,A,P51681,172,
601,ccr5_zhang_roab12,W,190,0.16,A,P51681,190,
602,ccr5_zhang_roab13,Y,3,0.74,A,P51681,3,
603,ccr5_zhang_roab13,S,6,0.79,A,P51681,6,
604,ccr5_zhang_roab13,S,7,0.76,A,P51681,7,
605,ccr5_zhang_roab13,I,9,0.59,A,P51681,9,
606,ccr5_zhang_roab13,K,171,0.98,A,P51681,171,
607,ccr5_zhang_roab13,E,172,1.01,A,P51681,172,
608,ccr5_zhang_roab13,W,190,1.03,A,P51681,190,
609,ccr5_zhang_roab14,Y,3,0.99,A,P51681,3,
610,ccr5_zhang_roab14,S,6,1.04,A,P51681,6,
611,ccr5_zhang_roab14,S,7,1.03,A,P51681,7,
612,ccr5_zhang_roab14,I,9,1.01,A,P51681,9,
613,ccr5_zhang_roab14,K,171,0.21,A,P51681,171,
614,ccr5_zhang_roab14,E,172,0.21,A,P51681,172,
615,ccr5_zhang_roab14,W,190,0.24,A,P51681,190,
616,ccr5_zhang_roab18,Y,3,1.02,A,P51681,3,
617,ccr5_zhang_roab18,S,6,0.97,A,P51681,6,
618,ccr5_zhang_roab18,S,7,0.96,A,P51681,7,
619,ccr5_zhang_roab18,I,9,0.98,A,P51681,9,
620,ccr5_zhang_roab18,K,171,0.11,A,P51681,171,
621,ccr5_zhang_roab18,E,172,0.1,A,P51681,172,
622,ccr5_zhang_roab18,W,190,0.21,A,P51681,190,
623,cxcr4_chabot_896,K,282,1.1192787794729482,A,P61073,282,
624,cxcr4_chabot_896,H,281,1.0194174757281507,A,P61073,281,
625,cxcr4_chabot_896,E,277,0.649098474341192,A,P61073,277,
626,cxcr4_chabot_896,E,275,0.6990291262135918,A,P61073,275,
627,cxcr4_chabot_896,K,271,1.1317614424410518,A,P61073,271,
628,cxcr4_chabot_896,E,268,0.6907073509015248,A,P61073,268,
629,cxcr4_chabot_896,D,262,1.3647711511789127,A,P61073,262,
630,cxcr4_chabot_896,F,201,0.5034674063800272,A,P61073,201,
631,cxcr4_chabot_896,D,193,0.9112343966712895,A,P61073,193,
632,cxcr4_chabot_896,R,188,0.4951456310679612,A,P61073,188,
633,cxcr4_chabot_896,D,187,0.8072122052704573,A,P61073,187,
634,cxcr4_chabot_896,D,182,0.5117891816920942,A,P61073,182,
635,cxcr4_chabot_896,D,181,1.0527045769764165,A,P61073,181,
636,cxcr4_chabot_896,E,179,1.152565880721214,A,P61073,179,
637,cxcr4_chabot_896,N,176,0.8488210818307902,A,P61073,176,
638,cxcr4_chabot_896,K,110,0.6699029126213584,A,P61073,110,
639,cxcr4_chabot_896,D,97,0.23717059639389643,A,P61073,97,
640,cxcr4_chabot_896,E,32,0.3245492371705955,A,P61073,32,
641,cxcr4_chabot_896,E,31,1.1816920943134455,A,P61073,31,
642,cxcr4_chabot_896,R,30,1.3772538141470163,A,P61073,30,
643,cxcr4_chabot_896,E,26,0.6699029126213584,A,P61073,26,
644,cxcr4_chabot_896,K,25,0.5950069348127598,A,P61073,25,
645,cxcr4_chabot_896,D,22,1.5936199722607391,A,P61073,22,
646,cxcr4_chabot_896,D,20,1.006934812760047,A,P61073,20,
647,cxcr4_chabot_896,E,15,0.3619972260748948,A,P61073,15,
648,cxcr4_chabot_896,E,14,0.44521497919556147,A,P61073,14,
649,cxcr4_chabot_896,N,11,0.5866851595006929,A,P61073,11,
650,cxcr4_chabot_896,D,10,1.0194174757281507,A,P61073,10,
651,cxcr4_chabot_896,E,2,0.8613037447988896,A,P61073,2,
652,cxcr4_chabot_bh10,K,282,1.267029972752043,A,P61073,282,
653,cxcr4_chabot_bh10,H,281,0.940054495912806,A,P61073,281,
654,cxcr4_chabot_bh10,E,277,0.8256130790190734,A,P61073,277,
655,cxcr4_chabot_bh10,E,275,0.7683923705722061,A,P61073,275,
656,cxcr4_chabot_bh10,K,271,1.017711171662122,A,P61073,271,
657,cxcr4_chabot_bh10,E,268,0.9891008174386915,A,P61073,268,
658,cxcr4_chabot_bh10,D,262,0.7275204359673011,A,P61073,262,
659,cxcr4_chabot_bh10,F,201,0.6171662125340595,A,P61073,201,
660,cxcr4_chabot_bh10,D,193,0.8664850136239775,A,P61073,193,
661,cxcr4_chabot_bh10,R,188,0.4455040871934597,A,P61073,188,
662,cxcr4_chabot_bh10,D,187,0.874659400544958,A,P61073,187,
663,cxcr4_chabot_bh10,D,182,0.6621253405994542,A,P61073,182,
664,cxcr4_chabot_bh10,D,181,1.0340599455040833,A,P61073,181,
665,cxcr4_chabot_bh10,E,179,1.2506811989100717,A,P61073,179,
666,cxcr4_chabot_bh10,N,176,1.1198910081743823,A,P61073,176,
667,cxcr4_chabot_bh10,K,110,0.6130790190735687,A,P61073,110,
668,cxcr4_chabot_bh10,D,97,0.22888283378746516,A,P61073,97,
669,cxcr4_chabot_bh10,E,32,0.273841961852861,A,P61073,32,
670,cxcr4_chabot_bh10,E,31,1.017711171662122,A,P61073,31,
671,cxcr4_chabot_bh10,R,30,0.9032697547683917,A,P61073,30,
672,cxcr4_chabot_bh10,E,26,0.7397820163487735,A,P61073,26,
673,cxcr4_chabot_bh10,K,25,0.7602179836512255,A,P61073,25,
674,cxcr4_chabot_bh10,D,22,1.618528610354214,A,P61073,22,
675,cxcr4_chabot_bh10,D,20,1.1566757493187974,A,P61073,20,
676,cxcr4_chabot_bh10,E,15,0.4250681198910077,A,P61073,15,
677,cxcr4_chabot_bh10,E,14,0.40463215258855567,A,P61073,14,
678,cxcr4_chabot_bh10,N,11,0.7234332425068113,A,P61073,11,
679,cxcr4_chabot_bh10,D,10,1.1730245231607586,A,P61073,10,
680,cxcr4_chabot_bh10,E,2,0.7602179836512255,A,P61073,2,
681,cxcr4_chabot_exp,E,2,0.8,A,P61073,2,
682,cxcr4_chabot_exp,D,10,1.13,A,P61073,10,
683,cxcr4_chabot_exp,N,11,1.15,A,P61073,11,
684,cxcr4_chabot_exp,E,14,1.51,A,P61073,14,
685,cxcr4_chabot_exp,E,15,1.6,A,P61073,15,
686,cxcr4_chabot_exp,D,20,0.92,A,P61073,20,
687,cxcr4_chabot_exp,D,22,0.78,A,P61073,22,
688,cxcr4_chabot_exp,K,25,0.81,A,P61073,25,
689,cxcr4_chabot_exp,E,26,0.96,A,P61073,26,
690,cxcr4_chabot_exp,R,30,0.89,A,P61073,30,
691,cxcr4_chabot_exp,E,31,0.86,A,P61073,31,
692,cxcr4_chabot_exp,E,32,1.27,A,P61073,32,
693,cxcr4_chabot_exp,D,97,1.72,A,P61073,97,
694,cxcr4_chabot_exp,K,110,0.73,A,P61073,110,
695,cxcr4_chabot_exp,N,176,0.91,A,P61073,176,
696,cxcr4_chabot_exp,E,179,0.98,A,P61073,179,
697,cxcr4_chabot_exp,D,181,0.76,A,P61073,181,
698,cxcr4_chabot_exp,D,182,0.7,A,P61073,182,
699,cxcr4_chabot_exp,D,187,1.1,A,P61073,187,
700,cxcr4_chabot_exp,R,188,0.99,A,P61073,188,
701,cxcr4_chabot_exp,D,193,0.87,A,P61073,193,
702,cxcr4_chabot_exp,F,201,1.18,A,P61073,201,
703,cxcr4_chabot_exp,D,262,0.83,A,P61073,262,
704,cxcr4_chabot_exp,E,268,0.73,A,P61073,268,
705,cxcr4_chabot_exp,K,271,0.78,A,P61073,271,
706,cxcr4_chabot_exp,E,275,1.13,A,P61073,275,
707,cxcr4_chabot_exp,E,277,0.84,A,P61073,277,
708,cxcr4_chabot_exp,H,281,1.13,A,P61073,281,
709,cxcr4_chabot_exp,K,282,1.02,A,P61073,282,
710,cxcr4_chabot_lav,K,282,1.0791666666666666,A,P61073,282,
711,cxcr4_chabot_lav,H,281,0.7916666666666667,A,P61073,281,
712,cxcr4_chabot_lav,E,277,0.9541666666666666,A,P61073,277,
713,cxcr4_chabot_lav,E,275,0.6291666666666667,A,P61073,275,
714,cxcr4_chabot_lav,K,271,0.9541666666666666,A,P61073,271,
715,cxcr4_chabot_lav,E,268,0.9,A,P61073,268,
716,cxcr4_chabot_lav,D,262,0.7624999999999991,A,P61073,262,
717,cxcr4_chabot_lav,F,201,0.5499999999999999,A,P61073,201,
718,cxcr4_chabot_lav,D,193,0.7624999999999991,A,P61073,193,
719,cxcr4_chabot_lav,R,188,0.37083333333333235,A,P61073,188,
720,cxcr4_chabot_lav,D,187,0.7624999999999991,A,P61073,187,
721,cxcr4_chabot_lav,D,182,0.5958333333333323,A,P61073,182,
722,cxcr4_chabot_lav,D,181,0.9958333333333332,A,P61073,181,
723,cxcr4_chabot_lav,E,179,1.0208333333333333,A,P61073,179,
724,cxcr4_chabot_lav,N,176,1.0374999999999999,A,P61073,176,
725,cxcr4_chabot_lav,K,110,0.7291666666666667,A,P61073,110,
726,cxcr4_chabot_lav,D,97,0.1625000000000001,A,P61073,97,
727,cxcr4_chabot_lav,E,32,0.224999999999999,A,P61073,32,
728,cxcr4_chabot_lav,E,31,0.8666666666666667,A,P61073,31,
729,cxcr4_chabot_lav,R,30,0.9,A,P61073,30,
730,cxcr4_chabot_lav,E,26,0.6624999999999999,A,P61073,26,
731,cxcr4_chabot_lav,K,25,0.725,A,P61073,25,
732,cxcr4_chabot_lav,D,22,1.6208333333333331,A,P61073,22,
733,cxcr4_chabot_lav,D,20,1.0291666666666666,A,P61073,20,
734,cxcr4_chabot_lav,E,15,0.4291666666666667,A,P61073,15,
735,cxcr4_chabot_lav,E,14,0.41250000000000003,A,P61073,14,
736,cxcr4_chabot_lav,N,11,0.8833333333333333,A,P61073,11,
737,cxcr4_chabot_lav,D,10,0.9249999999999999,A,P61073,10,
738,cxcr4_chabot_lav,E,2,0.8041666666666667,A,P61073,2,
739,cxcr4_chabot_sf2,K,282,1.2201963534361842,A,P61073,282,
740,cxcr4_chabot_sf2,H,281,1.5568022440392668,A,P61073,281,
741,cxcr4_chabot_sf2,E,277,1.6325385694249632,A,P61073,277,
742,cxcr4_chabot_sf2,E,275,0.9971949509116411,A,P61073,275,
743,cxcr4_chabot_sf2,K,271,1.0855539971949448,A,P61073,271,
744,cxcr4_chabot_sf2,E,268,0.8667601683029448,A,P61073,268,
745,cxcr4_chabot_sf2,D,262,0.5133239831697054,A,P61073,262,
746,cxcr4_chabot_sf2,F,201,0.41654978962131745,A,P61073,201,
747,cxcr4_chabot_sf2,D,193,0.34922861150070095,A,P61073,193,
748,cxcr4_chabot_sf2,R,188,0.34081346423562414,A,P61073,188,
749,cxcr4_chabot_sf2,D,187,0.3323983169705463,A,P61073,187,
750,cxcr4_chabot_sf2,D,182,0.5553997194950905,A,P61073,182,
751,cxcr4_chabot_sf2,D,181,1.4263674614305686,A,P61073,181,
752,cxcr4_chabot_sf2,E,179,1.0518934081346376,A,P61073,179,
753,cxcr4_chabot_sf2,N,176,0.955119214586255,A,P61073,176,
754,cxcr4_chabot_sf2,K,110,0.8541374474053292,A,P61073,110,
755,cxcr4_chabot_sf2,D,97,0.6353436185133238,A,P61073,97,
756,cxcr4_chabot_sf2,E,32,0.3618513323983166,A,P61073,32,
757,cxcr4_chabot_sf2,E,31,0.6647966339410931,A,P61073,31,
758,cxcr4_chabot_sf2,R,30,0.41654978962131745,A,P61073,30,
759,cxcr4_chabot_sf2,E,26,0.40392706872370177,A,P61073,26,
760,cxcr4_chabot_sf2,K,25,0.3155680224403927,A,P61073,25,
761,cxcr4_chabot_sf2,D,22,1.5441795231416542,A,P61073,22,
762,cxcr4_chabot_sf2,D,20,0.8751753155680217,A,P61073,20,
763,cxcr4_chabot_sf2,E,15,0.4249649368863953,A,P61073,15,
764,cxcr4_chabot_sf2,E,14,0.40392706872370177,A,P61073,14,
765,cxcr4_chabot_sf2,N,11,0.9635343618513318,A,P61073,11,
766,cxcr4_chabot_sf2,D,10,0.6942496493688636,A,P61073,10,
767,cxcr4_chabot_sf2,E,2,1.119214586255252,A,P61073,2,
768,cxcr4_lin_exp44717,Y,7,0.36,A,P61073,7,
769,cxcr4_lin_exp44717,Y,12,0.72,A,P61073,12,
770,cxcr4_lin_exp44717,Y,21,0.4,A,P61073,21,
771,cxcr4_lin_exp44717,E,2,0.62,A,P61073,2,
772,cxcr4_lin_exp44717,D,10,0.97,A,P61073,10,
773,cxcr4_lin_exp44717,D,20,0.88,A,P61073,20,
774,cxcr4_lin_exp44717,D,22,0.42,A,P61073,22,
775,cxcr4_lin_exp44717,K,25,0.73,A,P61073,25,
776,cxcr4_lin_exp44717,E,26,0.13,A,P61073,26,
777,cxcr4_lin_exp44717,K,38,0.8,A,P61073,38,
778,cxcr4_lin_exp44717,D,97,0.9,A,P61073,97,
779,cxcr4_lin_exp44717,Y,103,0.97,A,P61073,103,
780,cxcr4_lin_exp44717,F,104,0.65,A,P61073,104,
781,cxcr4_lin_exp44717,F,107,0.52,A,P61073,107,
782,cxcr4_lin_exp44717,K,110,1.05,A,P61073,110,
783,cxcr4_lin_exp44717,N,176,0.0,A,P61073,176,
784,cxcr4_lin_exp44717,E,179,0.0,A,P61073,179,
785,cxcr4_lin_exp44717,D,181,0.15,A,P61073,181,
786,cxcr4_lin_exp44717,D,182,0.54,A,P61073,182,
787,cxcr4_lin_exp44717,Y,184,0.84,A,P61073,184,
788,cxcr4_lin_exp44717,D,187,0.83,A,P61073,187,
789,cxcr4_lin_exp44717,R,188,0.99,A,P61073,188,
790,cxcr4_lin_exp44717,F,189,0.68,A,P61073,189,
791,cxcr4_lin_exp44717,Y,190,0.82,A,P61073,190,
792,cxcr4_lin_exp44717,P,191,0.87,A,P61073,191,
793,cxcr4_lin_exp44717,N,192,0.94,A,P61073,192,
794,cxcr4_lin_exp44717,D,193,0.55,A,P61073,193,
795,cxcr4_lin_exp44717,D,262,0.62,A,P61073,262,
796,cxcr4_lin_exp44717,E,268,0.54,A,P61073,268,
797,cxcr4_lin_exp44717,K,271,0.92,A,P61073,271,
798,cxcr4_lin_exp44717,E,275,0.89,A,P61073,275,
799,cxcr4_lin_exp44717,E,277,0.74,A,P61073,277,
800,cxcr4_lin_exp44717,K,282,0.89,A,P61073,282,
801,cxcr4_lin_rodb-cd4,Y,7,0.6342857142857138,A,P61073,7,
802,cxcr4_lin_rodb-cd4,Y,12,0.9142857142857135,A,P61073,12,
803,cxcr4_lin_rodb-cd4,Y,21,0.7371428571428569,A,P61073,21,
804,cxcr4_lin_rodb-cd4,E,2,0.8514285714285712,A,P61073,2,
805,cxcr4_lin_rodb-cd4,D,10,1.1371428571428506,A,P61073,10,
806,cxcr4_lin_rodb-cd4,D,20,0.537142857142857,A,P61073,20,
807,cxcr4_lin_rodb-cd4,D,22,0.034285714285713656,A,P61073,22,
808,cxcr4_lin_rodb-cd4,K,25,1.0,A,P61073,25,
809,cxcr4_lin_rodb-cd4,E,26,0.1428571428571418,A,P61073,26,
810,cxcr4_lin_rodb-cd4,K,38,0.5542857142857136,A,P61073,38,
811,cxcr4_lin_rodb-cd4,D,97,0.6114285714285709,A,P61073,97,
812,cxcr4_lin_rodb-cd4,Y,103,0.9428571428571426,A,P61073,103,
813,cxcr4_lin_rodb-cd4,F,104,0.7371428571428569,A,P61073,104,
814,cxcr4_lin_rodb-cd4,F,107,0.668571428571428,A,P61073,107,
815,cxcr4_lin_rodb-cd4,K,110,0.5657142857142851,A,P61073,110,
816,cxcr4_lin_rodb-cd4,N,176,0.33142857142857113,A,P61073,176,
817,cxcr4_lin_rodb-cd4,E,179,0.25142857142857106,A,P61073,179,
818,cxcr4_lin_rodb-cd4,D,181,0.4114285714285712,A,P61073,181,
819,cxcr4_lin_rodb-cd4,D,182,0.20571428571428524,A,P61073,182,
820,cxcr4_lin_rodb-cd4,Y,184,0.6342857142857138,A,P61073,184,
821,cxcr4_lin_rodb-cd4,D,187,0.42857142857142777,A,P61073,187,
822,cxcr4_lin_rodb-cd4,R,188,0.15428571428571322,A,P61073,188,
823,cxcr4_lin_rodb-cd4,F,189,0.27428571428571386,A,P61073,189,
824,cxcr4_lin_rodb-cd4,Y,190,0.46285714285714213,A,P61073,190,
825,cxcr4_lin_rodb-cd4,P,191,0.5314285714285708,A,P61073,191,
826,cxcr4_lin_rodb-cd4,N,192,0.222857142857143,A,P61073,192,
827,cxcr4_lin_rodb-cd4,D,193,0.1599999999999995,A,P61073,193,
828,cxcr4_lin_rodb-cd4,D,262,0.5657142857142851,A,P61073,262,
829,cxcr4_lin_rodb-cd4,E,268,0.6571428571428566,A,P61073,268,
830,cxcr4_lin_rodb-cd4,K,271,0.5942857142857143,A,P61073,271,
831,cxcr4_lin_rodb-cd4,E,275,0.5542857142857136,A,P61073,275,
832,cxcr4_lin_rodb-cd4,E,277,0.5999999999999994,A,P61073,277,
833,cxcr4_lin_rodb-cd4,K,282,0.8285714285714283,A,P61073,282,
834,cxcr4_lin_rodb-pc,Y,7,0.5316455696202513,A,P61073,7,
835,cxcr4_lin_rodb-pc,Y,12,0.9620253164556948,A,P61073,12,
836,cxcr4_lin_rodb-pc,Y,21,0.5822784810126564,A,P61073,21,
837,cxcr4_lin_rodb-pc,E,2,1.1772151898734153,A,P61073,2,
838,cxcr4_lin_rodb-pc,D,10,1.4556962025316438,A,P61073,10,
839,cxcr4_lin_rodb-pc,D,20,0.5443037974683539,A,P61073,20,
840,cxcr4_lin_rodb-pc,D,22,0.1518987341772149,A,P61073,22,
841,cxcr4_lin_rodb-pc,K,25,1.6962025316455691,A,P61073,25,
842,cxcr4_lin_rodb-pc,E,26,0.1518987341772149,A,P61073,26,
843,cxcr4_lin_rodb-pc,K,38,0.8354430379746846,A,P61073,38,
844,cxcr4_lin_rodb-pc,D,97,0.9493670886075949,A,P61073,97,
845,cxcr4_lin_rodb-pc,Y,103,0.8607594936708847,A,P61073,103,
846,cxcr4_lin_rodb-pc,F,104,1.1139240506329102,A,P61073,104,
847,cxcr4_lin_rodb-pc,F,107,0.5696202531645564,A,P61073,107,
848,cxcr4_lin_rodb-pc,K,110,0.9493670886075949,A,P61073,110,
849,cxcr4_lin_rodb-pc,N,176,0.6455696202531641,A,P61073,176,
850,cxcr4_lin_rodb-pc,E,179,0.48101265822784617,A,P61073,179,
851,cxcr4_lin_rodb-pc,D,181,0.5949367088607589,A,P61073,181,
852,cxcr4_lin_rodb-pc,D,182,0.4303797468354411,A,P61073,182,
853,cxcr4_lin_rodb-pc,Y,184,0.607594936708859,A,P61073,184,
854,cxcr4_lin_rodb-pc,D,187,0.45569620253164617,A,P61073,187,
855,cxcr4_lin_rodb-pc,R,188,0.48101265822784617,A,P61073,188,
856,cxcr4_lin_rodb-pc,F,189,0.4303797468354411,A,P61073,189,
857,cxcr4_lin_rodb-pc,Y,190,0.35443037974683583,A,P61073,190,
858,cxcr4_lin_rodb-pc,P,191,0.8354430379746846,A,P61073,191,
859,cxcr4_lin_rodb-pc,N,192,0.8101265822784794,A,P61073,192,
860,cxcr4_lin_rodb-pc,D,193,0.3037974683544307,A,P61073,193,
861,cxcr4_lin_rodb-pc,D,262,-0.02531645569620157,A,P61073,262,
862,cxcr4_lin_rodb-pc,E,268,0.4303797468354411,A,P61073,268,
863,cxcr4_lin_rodb-pc,K,271,1.2531645569620256,A,P61073,271,
864,cxcr4_lin_rodb-pc,E,275,1.050632911392405,A,P61073,275,
865,cxcr4_lin_rodb-pc,E,277,0.41772151898734106,A,P61073,277,
866,cxcr4_lin_rodb-pc,K,282,0.7088607594936692,A,P61073,282,
867,cxcr4_lin_vcp-cd4,Y,7,0.44502617801047134,A,P61073,7,
868,cxcr4_lin_vcp-cd4,Y,12,1.0628272251308872,A,P61073,12,
869,cxcr4_lin_vcp-cd4,Y,21,0.6387434554973818,A,P61073,21,
870,cxcr4_lin_vcp-cd4,E,2,0.8376963350785342,A,P61073,2,
871,cxcr4_lin_vcp-cd4,D,10,1.356020942408372,A,P61073,10,
872,cxcr4_lin_vcp-cd4,D,20,0.2617801047120422,A,P61073,20,
873,cxcr4_lin_vcp-cd4,D,22,0.16753926701570654,A,P61073,22,
874,cxcr4_lin_vcp-cd4,K,25,1.6125654450261768,A,P61073,25,
875,cxcr4_lin_vcp-cd4,E,26,0.18848167539266988,A,P61073,26,
876,cxcr4_lin_vcp-cd4,K,38,0.8115183246073299,A,P61073,38,
877,cxcr4_lin_vcp-cd4,D,97,0.8324607329842931,A,P61073,97,
878,cxcr4_lin_vcp-cd4,Y,103,1.115183246073298,A,P61073,103,
879,cxcr4_lin_vcp-cd4,F,104,0.8481675392670155,A,P61073,104,
880,cxcr4_lin_vcp-cd4,F,107,0.8638743455497387,A,P61073,107,
881,cxcr4_lin_vcp-cd4,K,110,0.5654450261780105,A,P61073,110,
882,cxcr4_lin_vcp-cd4,N,176,0.43455497382198915,A,P61073,176,
883,cxcr4_lin_vcp-cd4,E,179,0.3246073298429312,A,P61073,179,
884,cxcr4_lin_vcp-cd4,D,181,0.596858638743456,A,P61073,181,
885,cxcr4_lin_vcp-cd4,D,182,0.2617801047120422,A,P61073,182,
886,cxcr4_lin_vcp-cd4,Y,184,0.7068062827225129,A,P61073,184,
887,cxcr4_lin_vcp-cd4,D,187,0.36649214659685897,A,P61073,187,
888,cxcr4_lin_vcp-cd4,R,188,0.23036649214659663,A,P61073,188,
889,cxcr4_lin_vcp-cd4,F,189,0.28272251308900553,A,P61073,189,
890,cxcr4_lin_vcp-cd4,Y,190,0.654450261780105,A,P61073,190,
891,cxcr4_lin_vcp-cd4,P,191,0.5602094240837694,A,P61073,191,
892,cxcr4_lin_vcp-cd4,N,192,0.23560209424083772,A,P61073,192,
893,cxcr4_lin_vcp-cd4,D,193,0.23560209424083772,A,P61073,193,
894,cxcr4_lin_vcp-cd4,D,262,0.5183246073298426,A,P61073,262,
895,cxcr4_lin_vcp-cd4,E,268,0.5340314136125659,A,P61073,268,
896,cxcr4_lin_vcp-cd4,K,271,0.7068062827225129,A,P61073,271,
897,cxcr4_lin_vcp-cd4,E,275,0.5549738219895293,A,P61073,275,
898,cxcr4_lin_vcp-cd4,E,277,0.5497382198952881,A,P61073,277,
899,cxcr4_lin_vcp-cd4,K,282,1.0314136125654365,A,P61073,282,
900,cxcr4_lin_vcp-pc,Y,7,0.4553571428571433,A,P61073,7,
901,cxcr4_lin_vcp-pc,Y,12,1.0982142857142856,A,P61073,12,
902,cxcr4_lin_vcp-pc,Y,21,0.22321428571428498,A,P61073,21,
903,cxcr4_lin_vcp-pc,E,2,1.4553571428571432,A,P61073,2,
904,cxcr4_lin_vcp-pc,D,10,1.5982142857142878,A,P61073,10,
905,cxcr4_lin_vcp-pc,D,20,0.5803571428571427,A,P61073,20,
906,cxcr4_lin_vcp-pc,D,22,0.19642857142857104,A,P61073,22,
907,cxcr4_lin_vcp-pc,K,25,1.6785714285714295,A,P61073,25,
908,cxcr4_lin_vcp-pc,E,26,0.10714285714285698,A,P61073,26,
909,cxcr4_lin_vcp-pc,K,38,0.7499999999999997,A,P61073,38,
910,cxcr4_lin_vcp-pc,D,97,0.9017857142857146,A,P61073,97,
911,cxcr4_lin_vcp-pc,Y,103,1.4910714285714306,A,P61073,103,
912,cxcr4_lin_vcp-pc,F,104,2.124999999999987,A,P61073,104,
913,cxcr4_lin_vcp-pc,F,107,0.8214285714285712,A,P61073,107,
914,cxcr4_lin_vcp-pc,K,110,0.9910714285714298,A,P61073,110,
915,cxcr4_lin_vcp-pc,N,176,0.6250000000000003,A,P61073,176,
916,cxcr4_lin_vcp-pc,E,179,0.4821428571428572,A,P61073,179,
917,cxcr4_lin_vcp-pc,D,181,0.7499999999999997,A,P61073,181,
918,cxcr4_lin_vcp-pc,D,182,0.40178571428571375,A,P61073,182,
919,cxcr4_lin_vcp-pc,Y,184,0.5267857142857131,A,P61073,184,
920,cxcr4_lin_vcp-pc,D,187,0.24999999999999886,A,P61073,187,
921,cxcr4_lin_vcp-pc,R,188,0.6785714285714282,A,P61073,188,
922,cxcr4_lin_vcp-pc,F,189,0.3035714285714283,A,P61073,189,
923,cxcr4_lin_vcp-pc,Y,190,0.7767857142857135,A,P61073,190,
924,cxcr4_lin_vcp-pc,P,191,0.7589285714285715,A,P61073,191,
925,cxcr4_lin_vcp-pc,N,192,0.8392857142857149,A,P61073,192,
926,cxcr4_lin_vcp-pc,D,193,0.36607142857142805,A,P61073,193,
927,cxcr4_lin_vcp-pc,D,262,0.40178571428571375,A,P61073,262,
928,cxcr4_lin_vcp-pc,E,268,0.27678571428571275,A,P61073,268,
929,cxcr4_lin_vcp-pc,K,271,1.446428571428573,A,P61073,271,
930,cxcr4_lin_vcp-pc,E,275,1.0089285714285718,A,P61073,275,
931,cxcr4_lin_vcp-pc,E,277,0.6517857142857142,A,P61073,277,
932,cxcr4_lin_vcp-pc,K,282,0.6071428571428565,A,P61073,282,
933,cxcr4_tian_896,Y,45,0.2198473282442748,A,P61073,45,
934,cxcr4_tian_896,H,79,0.4641221374045796,A,P61073,79,
935,cxcr4_tian_896,F,87,0.8244274809160301,A,P61073,87,
936,cxcr4_tian_896,D,97,0.2687022900763349,A,P61073,97,
937,cxcr4_tian_896,Y,121,0.9221374045801525,A,P61073,121,
938,cxcr4_tian_896,W,161,0.7267175572519077,A,P61073,161,
939,cxcr4_tian_896,P,163,0.5557251908396945,A,P61073,163,
940,cxcr4_tian_896,D,171,0.27480916030534336,A,P61073,171,
941,cxcr4_tian_896,Y,219,0.775572519083969,A,P61073,219,
942,cxcr4_tian_896,W,252,0.531297709923664,A,P61073,252,
943,cxcr4_tian_896,Y,255,0.3358778625954193,A,P61073,255,
944,cxcr4_tian_896,Y,256,1.1053435114503727,A,P61073,256,
945,cxcr4_tian_896,D,262,0.745038167938931,A,P61073,262,
946,cxcr4_tian_896,E,288,0.27480916030534336,A,P61073,288,
947,cxcr4_tian_896,F,292,0.8305343511450375,A,P61073,292,
948,cxcr4_tian_896,H,294,0.4641221374045796,A,P61073,294,
949,cxcr4_tian_896,N,298,0.5374045801526713,A,P61073,298,
950,cxcr4_tian_896,Y,302,1.0198473282442715,A,P61073,302,
951,cxcr4_tian_exp,Y,45,1.44,A,P61073,45,
952,cxcr4_tian_exp,H,79,1.2433333333333334,A,P61073,79,
953,cxcr4_tian_exp,F,87,1.0777777777777777,A,P61073,87,
954,cxcr4_tian_exp,D,97,2.3722222222222222,A,P61073,97,
955,cxcr4_tian_exp,Y,121,0.8611111111111112,A,P61073,121,
956,cxcr4_tian_exp,W,161,2.7666666666666666,A,P61073,161,
957,cxcr4_tian_exp,P,163,1.1377777777777778,A,P61073,163,
958,cxcr4_tian_exp,D,171,1.2566666666666666,A,P61073,171,
959,cxcr4_tian_exp,Y,219,0.8588888888888888,A,P61073,219,
960,cxcr4_tian_exp,W,252,0.8288888888888888,A,P61073,252,
961,cxcr4_tian_exp,Y,255,0.6,A,P61073,255,
962,cxcr4_tian_exp,Y,256,1.8244444444444443,A,P61073,256,
963,cxcr4_tian_exp,D,262,1.4211111111111112,A,P61073,262,
964,cxcr4_tian_exp,E,288,1.0133333333333334,A,P61073,288,
965,cxcr4_tian_exp,F,292,0.5922222222222222,A,P61073,292,
966,cxcr4_tian_exp,H,294,1.1411111111111112,A,P61073,294,
967,cxcr4_tian_exp,N,298,1.441111111111111,A,P61073,298,
968,cxcr4_tian_exp,Y,302,1.4633333333333332,A,P61073,302,
969,cxcr4_tian_exp,D,182,0.98,A,P61073,182,
970,cxcr4_tian_exp,D,187,1.1322222222222222,A,P61073,187,
971,cxcr4_tian_exp,F,189,0.9833333333333333,A,P61073,189,
972,cxcr4_tian_exp,P,191,1.1577777777777778,A,P61073,191,
973,cxcr4_tian_sdf1a,D,182,1.72566371681416,A,P61073,182,
974,cxcr4_tian_sdf1a,D,187,0.7787610619469038,A,P61073,187,
975,cxcr4_tian_sdf1a,F,189,2.1150442477876044,A,P61073,189,
976,cxcr4_tian_sdf1a,P,191,1.5929203539822974,A,P61073,191,
977,cxcr4_tian_sdf1a,Y,45,1.5044247787610503,A,P61073,45,
978,cxcr4_tian_sdf1a,H,79,1.5044247787610503,A,P61073,79,
979,cxcr4_tian_sdf1a,D,97,1.362831858407073,A,P61073,97,
980,cxcr4_tian_sdf1a,Y,121,0.8141592920353996,A,P61073,121,
981,cxcr4_tian_sdf1a,W,161,1.3982300884955752,A,P61073,161,
982,cxcr4_tian_sdf1a,P,163,1.5221238938053085,A,P61073,163,
983,cxcr4_tian_sdf1a,Y,219,0.8230088495575227,A,P61073,219,
984,cxcr4_tian_sdf1a,W,252,0.9734513274336289,A,P61073,252,
985,cxcr4_tian_sdf1a,Y,255,1.9203539823008822,A,P61073,255,
986,cxcr4_tian_sdf1a,Y,256,1.5575221238937955,A,P61073,256,
987,cxcr4_tian_sdf1a,D,262,1.0,A,P61073,262,
988,cxcr4_tian_sdf1a,E,288,0.34513274336283295,A,P61073,288,
989,cxcr4_tian_sdf1a,H,294,0.9203539823008853,A,P61073,294,
990,cxcr4_tian_sdf1a,N,298,0.6725663716814165,A,P61073,298,
991,cxcr4_tian_sdf1a,Y,302,0.9203539823008853,A,P61073,302,
992,cxcr4_trent_896,P,27,2.2682926829268344,A,P61073,27,
993,cxcr4_trent_896,F,29,2.963414634146347,A,P61073,29,
994,cxcr4_trent_896,F,36,2.3536585365853715,A,P61073,36,
995,cxcr4_trent_896,K,38,2.9512195121951317,A,P61073,38,
996,cxcr4_trent_896,F,107,2.073170731707322,A,P61073,107,
997,cxcr4_trent_896,K,110,1.6951219512195126,A,P61073,110,
998,cxcr4_trent_896,F,276,1.987804878048785,A,P61073,276,
999,cxcr4_trent_896,E,2,2.548780487804884,A,P61073,2,
1000,cxcr4_trent_896,D,10,2.0000000000000075,A,P61073,10,
1001,cxcr4_trent_896,Y,12,1.5487804878048763,A,P61073,12,
1002,cxcr4_trent_896,E,14,3.0121951219512306,A,P61073,14,
1003,cxcr4_trent_896,E,15,3.0121951219512306,A,P61073,15,
1004,cxcr4_trent_896,D,20,2.2439024390243967,A,P61073,20,
1005,cxcr4_trent_896,Y,21,1.9634146341463468,A,P61073,21,
1006,cxcr4_trent_896,K,25,1.4024390243902478,A,P61073,25,
1007,cxcr4_trent_896,E,26,3.0121951219512306,A,P61073,26,
1008,cxcr4_trent_896,C,28,3.0121951219512306,A,P61073,28,
1009,cxcr4_trent_896,E,31,3.0121951219512306,A,P61073,31,
1010,cxcr4_trent_896,E,32,0.8658536585365867,A,P61073,32,
1011,cxcr4_trent_896,F,40,0.6097560975609776,A,P61073,40,
1012,cxcr4_trent_896,P,42,1.3170731707317107,A,P61073,42,
1013,cxcr4_trent_896,Y,45,0.7682926829268267,A,P61073,45,
1014,cxcr4_trent_896,F,49,0.6097560975609776,A,P61073,49,
1015,cxcr4_trent_896,D,84,1.9512195121951241,A,P61073,84,
1016,cxcr4_trent_896,F,87,1.9390243902439086,A,P61073,87,
1017,cxcr4_trent_896,P,92,1.8170731707317105,A,P61073,92,
1018,cxcr4_trent_896,W,94,0.6097560975609776,A,P61073,94,
1019,cxcr4_trent_896,D,97,0.7439024390243925,A,P61073,97,
1020,cxcr4_trent_896,W,102,1.2682926829268268,A,P61073,102,
1021,cxcr4_trent_896,Y,103,3.0121951219512306,A,P61073,103,
1022,cxcr4_trent_896,F,104,0.9878048780487773,A,P61073,104,
1023,cxcr4_trent_896,G,105,0.9634146341463392,A,P61073,105,
1024,cxcr4_trent_896,H,113,0.9268292682926857,A,P61073,113,
1025,cxcr4_trent_896,Y,116,0.7317073170731734,A,P61073,116,
1026,cxcr4_trent_896,P,170,1.8048780487804879,A,P61073,170,
1027,cxcr4_trent_896,D,171,0.8048780487804877,A,P61073,171,
1028,cxcr4_trent_896,F,172,1.353658536585364,A,P61073,172,
1029,cxcr4_trent_896,F,174,0.012195121951219507,A,P61073,174,
1030,cxcr4_trent_896,E,179,0.939024390243901,A,P61073,179,
1031,cxcr4_trent_896,D,181,2.47560975609757,A,P61073,181,
1032,cxcr4_trent_896,D,182,2.3292682926829333,A,P61073,182,
1033,cxcr4_trent_896,R,183,3.0121951219512306,A,P61073,183,
1034,cxcr4_trent_896,Y,184,2.829268292682934,A,P61073,184,
1035,cxcr4_trent_896,R,188,1.2317073170731734,A,P61073,188,
1036,cxcr4_trent_896,F,189,1.3170731707317107,A,P61073,189,
1037,cxcr4_trent_896,Y,190,1.9512195121951241,A,P61073,190,
1038,cxcr4_trent_896,P,191,2.6219512195121983,A,P61073,191,
1039,cxcr4_trent_896,D,193,2.109756097560983,A,P61073,193,
1040,cxcr4_trent_896,W,195,2.670731707317082,A,P61073,195,
1041,cxcr4_trent_896,F,201,1.536585365853661,A,P61073,201,
1042,cxcr4_trent_896,H,203,2.7560975609756193,A,P61073,203,
1043,cxcr4_trent_896,G,207,1.7073170731707354,A,P61073,207,
1044,cxcr4_trent_896,P,211,1.8292682926829336,A,P61073,211,
1045,cxcr4_trent_896,W,252,1.2804878048780497,A,P61073,252,
1046,cxcr4_trent_896,Y,255,0.9878048780487773,A,P61073,255,
1047,cxcr4_trent_896,G,258,1.8414634146341486,A,P61073,258,
1048,cxcr4_trent_896,D,262,1.7439024390243965,A,P61073,262,
1049,cxcr4_trent_896,F,264,1.1463414634146363,A,P61073,264,
1050,cxcr4_trent_896,E,268,3.0121951219512306,A,P61073,268,
1051,cxcr4_trent_896,K,271,3.0121951219512306,A,P61073,271,
1052,cxcr4_trent_896,G,273,1.353658536585364,A,P61073,273,
1053,cxcr4_trent_896,C,274,2.9390243902439086,A,P61073,274,
1054,cxcr4_trent_896,E,275,2.8902439024390323,A,P61073,275,
1055,cxcr4_trent_896,E,277,1.7804878048780497,A,P61073,277,
1056,cxcr4_trent_896,H,281,1.5243902439024384,A,P61073,281,
1057,cxcr4_trent_896,K,282,3.0121951219512306,A,P61073,282,
1058,cxcr4_trent_896,W,283,1.4268292682926857,A,P61073,283,
1059,cxcr4_trent_896,E,288,1.9634146341463468,A,P61073,288,
1060,cxcr4_trent_896,F,292,1.2804878048780497,A,P61073,292,
1061,cxcr4_trent_896,F,293,1.9390243902439086,A,P61073,293,
1062,cxcr4_trent_896,H,294,1.451219512195124,A,P61073,294,
1063,gal4,E,58,0.20923614957696599,A,P04386,58,
1064,gal4,S,59,1.0624938907171484,A,P04386,59,
1065,gal4,R,60,1.470105242579258,A,P04386,60,
1066,gal4,L,61,0.8586990757333854,A,P04386,61,
1067,gal4,E,62,1.0,A,P04386,62,
1068,gal4,R,63,0.5407665656598568,A,P04386,63,
1069,gal4,L,64,0.0,A,P04386,64,
1070,gal4,E,65,0.8369554592551561,A,P04386,65,
1071,gal4,Q,66,1.4347745810389583,A,P04386,66,
1072,gal4,L,67,0.5717637092307193,A,P04386,67,
1073,gal4,F,68,0.8532577411401822,A,P04386,68,
1074,gal4,L,69,0.0,A,P04386,69,
1075,gal4,L,70,0.0,A,P04386,70,
1076,gal4,I,71,0.0,A,P04386,71,
1077,gal4,F,72,0.0,A,P04386,72,
1078,gal4,P,73,0.8609255699282092,A,P04386,73,
1079,gal4,R,74,1.5217381860045833,A,P04386,74,
1080,gal4,E,75,0.0,A,P04386,75,
1081,gal4,D,76,0.0,A,P04386,76,
1082,gal4,L,77,0.8614143125563412,A,P04386,77,
1083,gal4,D,78,0.5434818024828125,A,P04386,78,
1084,gal4,M,79,0.6467368283861719,A,P04386,79,
1085,gal4,I,80,0.45380296069423165,A,P04386,80,
1086,gal4,L,81,0.8478272674942708,A,P04386,81,
1087,gal4,K,82,1.1304291160275,A,P04386,82,
1088,gal4,M,83,0.2826127094805208,A,P04386,83,
1089,gal4,D,84,0.2499972847631771,A,P04386,84,
1090,gal4,S,85,0.032615424717343695,A,P04386,85,
1091,gal4,L,86,0.0,A,P04386,86,
1092,gal4,Q,87,1.269014803471159,A,P04386,87,
1093,gal4,D,88,0.5760863662528647,A,P04386,88,
1094,gal4,I,89,0.0,A,P04386,89,
1095,gal4,K,90,0.8451120306713151,A,P04386,90,
1096,gal4,A,91,0.5190229491816275,A,P04386,91,
1097,gal4,L,92,0.0760917967265105,A,P04386,92,
1098,gal4,L,93,0.038045898363255094,A,P04386,93,
1099,gal4,T,94,0.6548933998023309,A,P04386,94,
1100,gal4,G,95,1.404885254091862,A,P04386,95,
1101,gal4,L,96,0.0,A,P04386,96,
1102,gal4,F,97,0.10598112367360663,A,P04386,97,
1103,gb1,T,25,0.9510204081632653,A,P06654,251,
1104,gb1,E,27,-0.0,A,P06654,253,
1105,gb1,K,28,0.7346938775510204,A,P06654,254,
1106,gb1,K,31,0.28571428571428575,A,P06654,257,
1107,gb1,N,35,0.5102040816326531,A,P06654,261,
1108,gb1,D,40,0.9387755102040817,A,P06654,266,
1109,gb1,E,42,0.9183673469387754,A,P06654,268,
1110,gb1,W,43,0.22448979591836743,A,P06654,269,
1111,gpa_fleming_ddg,I,77,0.9719626168224299,A,P02724,96,
1112,gpa_fleming_ddg,F,78,1.0311526479750779,A,P02724,97,
1113,gpa_fleming_ddg,M,81,1.0311526479750779,A,P02724,100,
1114,gpa_fleming_ddg,I,85,1.1214953271028039,A,P02724,104,
1115,gpa_fleming_ddg,G,86,1.0311526479750779,A,P02724,105,
1116,gpa_fleming_ddg,L,75,0.5950155763239875,A,P02724,94,
1117,gpa_fleming_ddg,I,76,0.4392523364485981,A,P02724,95,
1118,gpa_fleming_ddg,G,79,0.470404984423676,A,P02724,98,
1119,gpa_fleming_ddg,V,80,0.8722741433021807,A,P02724,99,
1120,gpa_fleming_ddg,G,83,-0.0,A,P02724,102,
1121,gpa_fleming_ddg,V,84,0.6884735202492211,A,P02724,103,
1122,gpa_fleming_ddg,T,87,0.7196261682242991,A,P02724,106,
1123,jun,E,284,0.6089448974549028,A,P05412,275,
1124,jun,R,285,0.03839881393624885,A,P05412,276,
1125,jun,I,286,0.5595255744996275,A,P05412,277,
1126,jun,R,288,1.1180133432171966,A,P05412,279,
1127,jun,K,292,0.41077341240424864,A,P05412,283,
1128,mpl_10htpo,I,492,1.0166666666666666,A,P40238,492,
1129,mpl_10htpo,S,493,1.0083333333333333,A,P40238,493,
1130,mpl_10htpo,L,494,1.0833333333333333,A,P40238,494,
1131,mpl_10htpo,V,495,0.8166666666666668,A,P40238,495,
1132,mpl_10htpo,T,496,1.2666666666666666,A,P40238,496,
1133,mpl_10htpo,L,498,1.0083333333333333,A,P40238,498,
1134,mpl_10htpo,L,500,0.8166666666666668,A,P40238,500,
1135,mpl_10htpo,V,501,0.5833333333333334,A,P40238,501,
1136,mpl_10htpo,L,502,0.625,A,P40238,502,
1137,mpl_10htpo,G,503,1.0916666666666666,A,P40238,503,
1138,mpl_10htpo,L,504,0.9833333333333334,A,P40238,504,
1139,mpl_10htpo,S,505,1.1083333333333334,A,P40238,505,
1140,mpl_10htpo,V,507,1.2583333333333333,A,P40238,507,
1141,mpl_10htpo,L,508,1.0250000000000001,A,P40238,508,
1142,mpl_10htpo,G,509,1.05,A,P40238,509,
1143,mpl_10htpo,L,510,1.2583333333333333,A,P40238,510,
1144,mpl_10htpo,L,511,1.0999999999999999,A,P40238,511,
1145,mpl_10htpo,L,512,0.9083333333333333,A,P40238,512,
1146,mpl_10htpo,L,513,0.6666666666666666,A,P40238,513,
1147,mpl_1pf,I,492,1.0476190476190477,A,P40238,492,
1148,mpl_1pf,S,493,0.9047619047619048,A,P40238,493,
1149,mpl_1pf,L,494,0.13333333333333333,A,P40238,494,
1150,mpl_1pf,V,495,0.12380952380952381,A,P40238,495,
1151,mpl_1pf,T,496,1.0285714285714287,A,P40238,496,
1152,mpl_1pf,L,498,0.09523809523809523,A,P40238,498,
1153,mpl_1pf,L,500,0.6380952380952382,A,P40238,500,
1154,mpl_1pf,V,501,0.5523809523809524,A,P40238,501,
1155,mpl_1pf,L,502,0.47619047619047616,A,P40238,502,
1156,mpl_1pf,G,503,1.0,A,P40238,503,
1157,mpl_1pf,L,504,0.20952380952380953,A,P40238,504,
1158,mpl_1pf,S,505,0.9904761904761905,A,P40238,505,
1159,mpl_1pf,V,507,0.9619047619047618,A,P40238,507,
1160,mpl_1pf,L,508,0.10476190476190476,A,P40238,508,
1161,mpl_1pf,G,509,1.1714285714285715,A,P40238,509,
1162,mpl_1pf,L,510,1.180952380952381,A,P40238,510,
1163,mpl_1pf,L,511,1.0095238095238095,A,P40238,511,
1164,mpl_1pf,L,512,0.6285714285714286,A,P40238,512,
1165,mpl_1pf,L,513,1.4476190476190476,A,P40238,513,
1166,pten,I,122,0.3686607582471688,A,P60484,122,
1167,pten,H,123,0.07993291482028546,A,P60484,123,
1168,pten,C,124,0.0699624569177744,A,P60484,124,
1169,pten,K,125,0.18773079763663217,A,P60484,125,
1170,pten,G,127,0.13767848350566206,A,P60484,127,
1171,pten,K,128,0.12683099458394873,A,P60484,128,
1172,pten,G,129,0.9076193993106846,A,P60484,129,
1173,pten,R,130,0.21467257508616436,A,P60484,130,
1174,pten,T,131,0.5727012555391434,A,P60484,131,
1175,pten,T,160,0.48799852289512546,A,P60484,160,
1176,pten,R,161,0.7112875430822257,A,P60484,161,
1177,pten,D,162,0.35325886262924683,A,P60484,162,
1178,pten,K,163,1.0077086410635157,A,P60484,163,
1179,pten,K,164,0.8768156080748399,A,P60484,164,
1180,pten,G,165,0.8351643279172822,A,P60484,165,
1181,pten,V,166,0.17232890201871004,A,P60484,166,
1182,pten,T,167,0.5534527326440178,A,P60484,167,
1183,pten,I,168,1.0192485228951258,A,P60484,168,
1184,pten,P,169,0.9422544313146236,A,P60484,169,
1185,pten,S,170,1.0384970457902511,A,P60484,170,
1186,pten,Q,171,0.08764155588380108,A,P60484,171,
1187,pten,Y,88,0.4264063269325455,A,P60484,88,
1188,pten,P,89,1.0384970457902511,A,P60484,89,
1189,pten,F,90,0.8460272033481042,A,P60484,90,
1190,pten,E,91,1.0038620137863121,A,P60484,91,
1191,pten,D,92,0.041435869030034385,A,P60484,92,
1192,pten,H,93,0.07608628754308205,A,P60484,93,
1193,pten,N,94,1.069300837026096,A,P60484,94,
1194,pten,P,95,0.8922175036927623,A,P60484,95,
1195,pten,P,96,0.5418974643032989,A,P60484,96,
1196,pten,Q,97,1.0763016986706058,A,P60484,97,
1197,pten,L,98,0.9643340718857708,A,P60484,98,
1198,raf1_kd_lowionic,N,64,0.9986997399479896,A,P04049,64,
1199,raf1_kd_lowionic,K,65,0.9975995199039807,A,P04049,65,
1200,raf1_kd_lowionic,V,69,0.9976995399079815,A,P04049,69,
1201,raf1_kd_lowionic,T,68,0.9956991398279655,A,P04049,68,
1202,raf1_kd_lowionic,R,67,0.9941988397679536,A,P04049,67,
1203,raf1_kd_lowionic,R,59,0.9881976395279055,A,P04049,59,
1204,raf1_kd_lowionic,Q,66,0.9871974394878976,A,P04049,66,
1205,raf1_kd_lowionic,K,84,0.9501900380076015,A,P04049,84,
1206,raf1_kd_physicoion,N,64,0.9653929343907716,A,P04049,64,
1207,raf1_kd_physicoion,K,65,0.9589041095890412,A,P04049,65,
1208,raf1_kd_physicoion,V,69,0.9408795962509013,A,P04049,69,
1209,raf1_kd_physicoion,T,68,0.9156452775775054,A,P04049,68,
1210,raf1_kd_physicoion,R,67,0.8579668348954579,A,P04049,67,
1211,raf1_kd_physicoion,R,59,0.7354001441961067,A,P04049,59,
1212,raf1_kd_physicoion,Q,66,0.47584715212689255,A,P04049,66,
1213,raf1_kd_physicoion,K,84,-0.0,A,P04049,84,
1214,raf1_transact_erk1,K,65,0.6382978723404269,A,P04049,65,
1215,raf1_transact_erk1,N,64,0.553191489361707,A,P04049,64,
1216,raf1_transact_erk1,V,69,0.5106382978723376,A,P04049,69,
1217,raf1_transact_erk1,T,68,0.553191489361707,A,P04049,68,
1218,raf1_transact_erk1,R,67,0.40425531914893326,A,P04049,67,
1219,raf1_transact_erk1,R,59,-0.021276595744672274,A,P04049,59,
1220,raf1_transact_erk1,Q,66,-0.021276595744672274,A,P04049,66,
1221,raf1_transact_erk1,K,84,-0.021276595744672274,A,P04049,84,
1222,raf1_transact_erk1G12V,K,65,0.85732814526589,A,P04049,65,
1223,raf1_transact_erk1G12V,N,64,0.6303501945525276,A,P04049,64,
1224,raf1_transact_erk1G12V,V,69,0.5486381322957188,A,P04049,69,
1225,raf1_transact_erk1G12V,T,68,0.5201037613488979,A,P04049,68,
1226,raf1_transact_erk1G12V,R,67,0.29701686121919735,A,P04049,67,
1227,raf1_transact_erk1G12V,R,59,0.22697795071336002,A,P04049,59,
1228,raf1_transact_erk1G12V,Q,66,0.04280155642023356,A,P04049,66,
1229,raf1_transact_erk1G12V,K,84,-0.08171206225680926,A,P04049,84,
1230,ras_yoshi_gdpdis,K,42,1.0202020202020203,A,P01112,42,
1231,ras_yoshi_gdpdis,I,46,0.888888888888889,A,P01112,46,
1232,ras_yoshi_gdpdis,G,48,1.0,A,P01112,48,
1233,ras_yoshi_gdpdis,E,49,1.0303030303030303,A,P01112,49,
1234,ras_yoshi_gdpdis,L,53,-0.0,A,P01112,53,
1235,ras_yoshi_gtpdis,K,42,0.9880952380952384,A,P01112,42,
1236,ras_yoshi_gtpdis,I,46,0.8630952380952382,A,P01112,46,
1237,ras_yoshi_gtpdis,G,48,1.005952380952381,A,P01112,48,
1238,ras_yoshi_gtpdis,E,49,1.017857142857143,A,P01112,49,
1239,ras_yoshi_gtpdis,L,53,-0.0,A,P01112,53,
1240,ras_yoshi_gtphydro,K,42,1.1845238095238098,A,P01112,42,
1241,ras_yoshi_gtphydro,Q,43,1.125,A,P01112,43,
1242,ras_yoshi_gtphydro,V,44,1.0654761904761905,A,P01112,44,
1243,ras_yoshi_gtphydro,V,45,0.9761904761904762,A,P01112,45,
1244,ras_yoshi_gtphydro,I,46,1.0714285714285714,A,P01112,46,
1245,ras_yoshi_gtphydro,D,47,0.8928571428571429,A,P01112,47,
1246,ras_yoshi_gtphydro,G,48,0.9464285714285713,A,P01112,48,
1247,ras_yoshi_gtphydro,E,49,1.0,A,P01112,49,
1248,ras_yoshi_gtphydro,T,50,0.8928571428571429,A,P01112,50,
1249,ras_yoshi_gtphydro,C,51,0.9761904761904762,A,P01112,51,
1250,ras_yoshi_gtphydro,L,53,1.005952380952381,A,P01112,53,
1251,sumo1_galtat,T,42,0.9176029962546813,A,P63165,42,
1252,sumo1_galtat,R,54,0.8202247191011226,A,P63165,54,
1253,sumo1_galtat,K,39,0.6217228464419472,A,P63165,39,
1254,sumo1_galtat,K,46,0.6441947565543052,A,P63165,46,
1255,sumo1_galtat,K,37,0.2322097378277121,A,P63165,37,
1256,sumo1_tat3,T,42,0.9109589041095894,A,P63165,42,
1257,sumo1_tat3,R,54,0.6095890410958903,A,P63165,54,
1258,sumo1_tat3,K,39,0.801369863013698,A,P63165,39,
1259,sumo1_tat3,K,46,0.6369863013698631,A,P63165,46,
1260,sumo1_tat3,K,37,0.561643835616439,A,P63165,37,
1261,tp53_chen_aspp2,H,115,0.7646581839819888,A,P04637,115,
1262,tp53_chen_aspp2,R,282,1.3917234777819463,A,P04637,282,
1263,tp53_chen_aspp2,S,121,1.0564487763361703,A,P04637,121,
1264,tp53_chen_aspp2,R,248,0.8358776381982449,A,P04637,248,
1265,tp53_chen_aspp2,R,280,1.0425187485588312,A,P04637,280,
1266,tp53_chen_aspp2,N,288,1.0993275308200194,A,P04637,288,
1267,tp53_chen_aspp2,K,101,1.032263860800763,A,P04637,101,
1268,tp53_chen_aspp2,R,267,1.3719396951262655,A,P04637,267,
1269,tp53_chen_iaspp,H,115,0.7304876852478749,A,P04637,115,
1270,tp53_chen_iaspp,R,282,1.837317204543745,A,P04637,282,
1271,tp53_chen_iaspp,S,121,1.2368207026254419,A,P04637,121,
1272,tp53_chen_iaspp,R,248,1.1894883622959453,A,P04637,248,
1273,tp53_chen_iaspp,R,280,1.3522291732490785,A,P04637,280,
1274,tp53_chen_iaspp,N,288,1.005445633039946,A,P04637,288,
1275,tp53_chen_iaspp,K,101,0.8486379297374558,A,P04637,101,
1276,tp53_chen_iaspp,R,267,1.4072441134431657,A,P04637,267,
1277,tp53_ecsedi_bind,E,51,1.02,A,P04637,51,
1278,tp53_ecsedi_bind,Q,52,1.0114285714285713,A,P04637,52,
1279,tp53_ecsedi_bind,D,48,0.9885714285714285,A,P04637,48,
1280,tp53_ecsedi_bind,P,47,0.8914285714285715,A,P04637,47,
1281,tp53_ecsedi_bind,L,26,0.6228571428571429,A,P04637,26,
1282,tp53_ecsedi_bind,L,25,0.6171428571428572,A,P04637,25,
1283,tp53_ecsedi_bind,F,19,0.4628571428571429,A,P04637,19,
1284,tp53_ecsedi_bind,L,45,0.4314285714285715,A,P04637,45,
1285,tp53_ecsedi_bind,L,22,-0.15142857142857138,A,P04637,22,
1286,tp53_ecsedi_bind,I,50,-0.18857142857142847,A,P04637,50,
1287,tp53_ecsedi_bind,L,43,-0.6885714285714285,A,P04637,43,
1288,tp53_ecsedi_bind,W,23,-0.7599999999999999,A,P04637,23,
1289,tp53_ecsedi_bind,F,54,-2.2028571428571424,A,P04637,54,
1290,tp53_ecsedi_bind,W,53,-6.002857142857143,A,P04637,53,
1291,ub_free,I,3,3.3333333333333317,A,P0CG63,3,
1292,ub_free,V,5,2.033333333333324,A,P0CG63,5,
1293,ub_free,T,7,3.008333333333324,A,P0CG63,7,
1294,ub_free,I,13,0.8666666666666666,A,P0CG63,13,
1295,ub_free,L,15,2.6833333333333274,A,P0CG63,15,
1296,ub_free,I,23,3.699999999999994,A,P0CG63,23,
1297,ub_free,V,26,1.9416666666666638,A,P0CG63,26,
1298,ub_free,I,30,1.0333333333333257,A,P0CG63,30,
1299,ub_free,Q,41,2.524999999999994,A,P0CG63,41,
1300,ub_free,L,43,-0.09166666666666565,A,P0CG63,43,
1301,ub_free,L,50,0.7749999999999999,A,P0CG63,50,
1302,ub_free,L,56,2.299999999999997,A,P0CG63,56,
1303,ub_free,I,61,1.933333333333324,A,P0CG63,61,
1304,ub_free,L,67,1.5499999999999932,A,P0CG63,67,
1305,ub_free,L,69,2.1333333333333235,A,P0CG63,69,
1306,ub_growth,I,3,0.954347826086956,A,P0CG63,3,
1307,ub_growth,V,5,1.0,A,P0CG63,5,
1308,ub_growth,T,7,1.0,A,P0CG63,7,
1309,ub_growth,I,13,1.0,A,P0CG63,13,
1310,ub_growth,L,15,1.0239130434782606,A,P0CG63,15,
1311,ub_growth,I,23,0.8369565217391298,A,P0CG63,23,
1312,ub_growth,V,26,0.8369565217391298,A,P0CG63,26,
1313,ub_growth,I,30,0.07391304347826094,A,P0CG63,30,
1314,ub_growth,Q,41,0.9782608695652167,A,P0CG63,41,
1315,ub_growth,L,43,0.06304347826086949,A,P0CG63,43,
1316,ub_growth,L,50,0.7000000000000001,A,P0CG63,50,
1317,ub_growth,L,56,0.5608695652173907,A,P0CG63,56,
1318,ub_growth,I,61,0.6543478260869561,A,P0CG63,61,
1319,ub_growth,L,67,0.30869565217391226,A,P0CG63,67,
1320,ub_growth,L,69,0.3804347826086944,A,P0CG63,69,
1321,ub_poly,I,3,1.401960784313723,A,P0CG63,3,
1322,ub_poly,V,5,1.2156862745098012,A,P0CG63,5,
1323,ub_poly,T,7,1.6372549019607814,A,P0CG63,7,
1324,ub_poly,I,13,0.921568627450981,A,P0CG63,13,
1325,ub_poly,L,15,0.784313725490195,A,P0CG63,15,
1326,ub_poly,I,23,0.4411764705882361,A,P0CG63,23,
1327,ub_poly,V,26,0.49019607843137214,A,P0CG63,26,
1328,ub_poly,I,30,2.0784313725490056,A,P0CG63,30,
1329,ub_poly,Q,41,0.9509803921568627,A,P0CG63,41,
1330,ub_poly,L,43,0.25490196078431393,A,P0CG63,43,
1331,ub_poly,L,50,1.2156862745098012,A,P0CG63,50,
1332,ub_poly,L,56,0.8921568627450981,A,P0CG63,56,
1333,ub_poly,I,61,0.705882352941176,A,P0CG63,61,
1334,ub_poly,L,67,0.852941176470588,A,P0CG63,67,
1335,ub_poly,L,69,1.2941176470588163,A,P0CG63,69,
1336,ube2i_ikba,D,100,0.28578879346165864,A,P63279,100,
1337,ube2i_ikba,D,127,0.0029447754307836416,A,P63279,127,
1338,ube2i_ikba,P,128,-0.000955227530421654,A,P63279,128,
1339,ube2i_ikba,Q,139,0.13154075334974413,A,P63279,139,
1340,ube2i_ikba,Y,134,0.3908194992506241,A,P63279,134,
1341,ube2i_ikba,T,135,0.15165173168422852,A,P63279,135,
1342,ube2i_ikba,Y,87,-0.001297772122830665,A,P63279,87,
1343,ube2i_ikba,S,89,0.005619412515964206,A,P63279,89,
1344,ube2i_ikba,E,98,0.2051675898940748,A,P63279,98,
1345,ube2i_ikba,T,91,0.02542261654014677,A,P63279,91,
1346,ube2i_ikba,K,74,0.061504235001256014,A,P63279,74,
1347,ube2i_ikba,E,132,0.08525654068170763,A,P63279,132,
1348,ube2i_p53,D,100,0.8961238657147786,A,P63279,100,
1349,ube2i_p53,D,127,-0.0057017348751684516,A,P63279,127,
1350,ube2i_p53,P,128,-0.013342982435866624,A,P63279,128,
1351,ube2i_p53,Q,139,0.5042060328594686,A,P63279,139,
1352,ube2i_p53,Y,134,0.39059928233143126,A,P63279,134,
1353,ube2i_p53,T,135,0.5085764599838514,A,P63279,135,
1354,ube2i_p53,Y,87,-0.009132434843499126,A,P63279,87,
1355,ube2i_p53,S,89,0.10308543473440002,A,P63279,89,
1356,ube2i_p53,E,98,0.9448918448101571,A,P63279,98,
1357,ube2i_p53,T,91,0.11742248679937661,A,P63279,91,
1358,ube2i_p53,K,74,0.1145030699769517,A,P63279,74,
1359,ube2i_p53,E,132,0.4918245642723589,A,P63279,132,
1360,ube2i_rangap1,D,100,1.161594285930255,A,P63279,100,
1361,ube2i_rangap1,D,127,0.8850798956707937,A,P63279,127,
1362,ube2i_rangap1,P,128,0.01864595600343877,A,P63279,128,
1363,ube2i_rangap1,Q,139,1.1528005328844368,A,P63279,139,
1364,ube2i_rangap1,Y,134,0.05869587692465217,A,P63279,134,
1365,ube2i_rangap1,T,135,1.230901558159053,A,P63279,135,
1366,ube2i_rangap1,Y,87,0.2591080584773079,A,P63279,87,
1367,ube2i_rangap1,S,89,0.9824903828637098,A,P63279,89,
1368,ube2i_rangap1,E,98,0.828282949477764,A,P63279,98,
1369,ube2i_rangap1,T,91,0.8839265592139034,A,P63279,91,
1370,ube2i_rangap1,K,74,0.7556154537286612,A,P63279,74,
1371,ube2i_rangap1,E,132,0.7922516587147943,A,P63279,132,
