accession,hgvs_nt,hgvs_splice,hgvs_pro,score,score_rep1,score_rep2,score_rep3
urn:mavedb:00000061-h-1#1,NA,NA,p.=,0.0,0.0,0.0,0.0
urn:mavedb:00000061-h-1#2,NA,NA,p.Arg38Tyr,-0.2898678381691319,-0.2898678381691319,-0.6537223342482306,-0.2845025919071962
urn:mavedb:00000061-h-1#3,NA,NA,p.Cys30Tyr,-1.412532405492638,-1.359905704776887,-1.450758928792248,-1.412532405492638
urn:mavedb:00000061-h-1#4,NA,NA,p.Asp29Tyr,-0.2335059308650407,-0.10622344122300477,-0.2335059308650407,-0.2845025919071962
urn:mavedb:00000061-h-1#5,NA,NA,p.His28Tyr,-0.02758813973691328,-0.038450857910066784,0.009250016816269371,-0.02758813973691328
urn:mavedb:00000061-h-1#6,NA,NA,p.Gly24Tyr,-0.2898678381691319,-0.2898678381691319,-0.6537223342482306,-0.2845025919071962
urn:mavedb:00000061-h-1#7,NA,NA,p.Asn23Tyr,-0.04492507533040816,-0.10977383665977672,0.008773163096219696,-0.04492507533040816
urn:mavedb:00000061-h-1#8,NA,NA,p.Asn20Tyr,-0.18799440562952532,-0.18799440562952532,-0.16027229599244333,-0.20698850522703435
urn:mavedb:00000061-h-1#9,NA,NA,p.Asn13Tyr,0.1622056263633223,0.19556552639130545,0.08376992522030698,0.1622056263633223
urn:mavedb:00000061-h-1#10,NA,NA,p.Phe10Tyr,-0.08642444917948007,-0.09560261018486406,-0.08642444917948007,-0.06265384229083977
urn:mavedb:00000061-h-1#11,NA,NA,p.Asn5Tyr,-0.33192724183533423,-0.3345174340424979,-0.2998790321554035,-0.33192724183533423
urn:mavedb:00000061-h-1#12,NA,NA,p.Val37Trp,-0.2845025919071962,-0.2898678381691319,0.12442891613541306,-0.2845025919071962
urn:mavedb:00000061-h-1#13,NA,NA,p.Cys30Trp,-1.6462304279247892,-1.6515956741867248,-1.3164801659298049,-1.6462304279247892
urn:mavedb:00000061-h-1#14,NA,NA,p.Lys14Trp,-0.2898678381691319,-0.2898678381691319,-0.6537223342482306,-0.2845025919071962
urn:mavedb:00000061-h-1#15,NA,NA,p.Gly39Val,-0.3690490842167567,-0.3690490842167567,-0.25578232557619296,-0.5855325875711773
urn:mavedb:00000061-h-1#16,NA,NA,p.Leu35Val,-1.0680190885527756,-1.0680190885527756,-1.0339335759598365,-1.363683837954821
urn:mavedb:00000061-h-1#17,NA,NA,p.Ala34Val,-1.4731376818519364,-1.4731376818519364,-1.5939541292447408,-1.2916811765343197
urn:mavedb:00000061-h-1#18,NA,NA,p.Met32Val,-0.07254357288254884,-0.09219611860336194,-0.07254357288254884,-0.06915022931942308
urn:mavedb:00000061-h-1#19,NA,NA,p.Leu31Val,-0.4680857572863189,-0.7669890928887944,-0.4680857572863189,-0.4192011658046524
urn:mavedb:00000061-h-1#20,NA,NA,p.Asp29Val,-0.21873504522116224,-0.21873504522116224,-0.17172131491048162,-0.2629629140510865
urn:mavedb:00000061-h-1#21,NA,NA,p.Leu27Val,0.22133892914346948,0.062314679942230576,0.22133892914346948,0.3175573994207662
urn:mavedb:00000061-h-1#22,NA,NA,p.Met25Val,0.3785672329500827,0.4273761507585523,0.30646136882849945,0.3785672329500827
urn:mavedb:00000061-h-1#23,NA,NA,p.Gly24Val,-0.2898678381691319,-0.2898678381691319,-0.09884142061573746,-0.3388602542297888
urn:mavedb:00000061-h-1#24,NA,NA,p.Leu11Val,-1.5397750970105022,-1.0680190885527756,-1.6079648436875555,-1.5397750970105022
urn:mavedb:00000061-h-1#25,NA,NA,p.Phe10Val,-1.4359958738473702,-1.4359958738473702,-1.7998503699264683,-1.430630627585434
urn:mavedb:00000061-h-1#26,NA,NA,p.Ile7Val,-0.3222441408605929,-0.3122719477707512,-0.3222441408605929,-0.3759876206521144
urn:mavedb:00000061-h-1#27,NA,NA,p.Thr6Val,0.3175573994207662,0.4091021661668869,0.3005201751910943,0.3175573994207662
urn:mavedb:00000061-h-1#28,NA,NA,p.Asn5Val,-0.2845025919071962,-0.2898678381691319,-0.17660107952856813,-0.2845025919071962
urn:mavedb:00000061-h-1#29,NA,NA,p.Ser4Val,-0.2898678381691319,-0.2898678381691319,-0.6537223342482306,-0.2845025919071962
urn:mavedb:00000061-h-1#30,NA,NA,p.Lys2Val,-0.35269233858424937,-0.4659590972248132,-0.35269233858424937,-0.2845025919071962
urn:mavedb:00000061-h-1#31,NA,NA,p.Lys36Thr,-0.3112996534260243,-0.2898678381691319,-0.3112996534260243,-0.3466504986560406
urn:mavedb:00000061-h-1#32,NA,NA,p.Ala34Thr,-1.4038111904759687,-1.4038111904759687,-1.621537650876829,-1.398445944214033
urn:mavedb:00000061-h-1#33,NA,NA,p.Lys33Thr,-1.4359958738473702,-1.4359958738473702,-1.4988203742624877,-1.430630627585434
urn:mavedb:00000061-h-1#34,NA,NA,p.Met32Thr,0.02889092445528088,0.02889092445528088,0.027107444563274668,0.03028998349961525
urn:mavedb:00000061-h-1#35,NA,NA,p.Leu31Thr,-0.2845025919071962,0.011162157494849298,-0.6537223342482306,-0.2845025919071962
urn:mavedb:00000061-h-1#36,NA,NA,p.Ser26Thr,0.22738076907167826,0.0857957757917535,0.24936765274371306,0.22738076907167826
urn:mavedb:00000061-h-1#37,NA,NA,p.Met25Thr,0.24471541290491905,0.24471541290491905,0.1994711773178568,0.2851282038076224
urn:mavedb:00000061-h-1#38,NA,NA,p.Asn23Thr,-0.011501319843458495,-0.1717685260911374,0.08167693571446323,-0.011501319843458495
urn:mavedb:00000061-h-1#39,NA,NA,p.Asn20Thr,-0.23874510134652094,-0.3410203606165132,-0.2277536019759494,-0.23874510134652094
urn:mavedb:00000061-h-1#40,NA,NA,p.Val19Thr,-0.5908978338331131,-0.5908978338331131,-0.6537223342482306,-0.5855325875711773
urn:mavedb:00000061-h-1#41,NA,NA,p.Val18Thr,-0.4776310751925493,-0.2898678381691319,-0.4776310751925493,-0.5855325875711773
urn:mavedb:00000061-h-1#42,NA,NA,p.Lys14Thr,-0.4776310751925493,-0.3867778511771883,-0.4776310751925493,-0.5063513415235525
urn:mavedb:00000061-h-1#43,NA,NA,p.Asn13Thr,-0.5908978338331131,-0.5908978338331131,-0.9547523299122116,-0.5855325875711773
urn:mavedb:00000061-h-1#44,NA,NA,p.Pro12Thr,-1.1653161841879875,-1.0915001844022985,-1.1921132457068158,-1.1653161841879875
urn:mavedb:00000061-h-1#45,NA,NA,p.Phe10Thr,-0.2898678381691319,-0.2898678381691319,-0.6537223342482306,-0.2845025919071962
urn:mavedb:00000061-h-1#46,NA,NA,p.Val9Thr,-0.2898678381691319,-0.2898678381691319,-0.6537223342482306,-0.2845025919071962
urn:mavedb:00000061-h-1#47,NA,NA,p.Ile7Thr,-1.5421811667763807,-1.769395162654673,-1.3928869692395276,-1.5421811667763807
urn:mavedb:00000061-h-1#48,NA,NA,p.Asn5Thr,0.19189832159629408,0.19189832159629408,0.15376904832720334,0.2772141577419509
urn:mavedb:00000061-h-1#49,NA,NA,p.Ser4Thr,0.33651782846261324,0.4186474840731173,0.33651782846261324,0.3053229430037546
urn:mavedb:00000061-h-1#50,NA,NA,p.Lys2Thr,-0.2191534302140318,-0.3867778511771883,-0.2191534302140318,-0.13837455622895814
urn:mavedb:00000061-h-1#51,NA,NA,p.Ser1Thr,0.2001496300735314,0.2452453635282173,0.2001496300735314,0.18215322913430126
urn:mavedb:00000061-h-1#52,NA,NA,p.Gly39Ser,0.07451935073447176,0.15506873317912928,0.06938134980450758,0.07451935073447176
urn:mavedb:00000061-h-1#53,NA,NA,p.Arg38Ser,-1.2277536019759494,-1.0979823119302188,-1.2277536019759494,-1.3356551143545774
urn:mavedb:00000061-h-1#54,NA,NA,p.Lys36Ser,0.18725341655053054,0.18725341655053054,-0.35269233858424937,0.19261866281246628
urn:mavedb:00000061-h-1#55,NA,NA,p.Ala34Ser,-0.0229811375268886,-0.12011675714446965,0.037628273217596236,-0.0229811375268886
urn:mavedb:00000061-h-1#56,NA,NA,p.Met32Ser,-0.2898678381691319,-0.2898678381691319,-0.6537223342482306,-0.2845025919071962
urn:mavedb:00000061-h-1#57,NA,NA,p.Cys30Ser,0.1762860408198581,0.19568658408739328,0.12567940499793406,0.1762860408198581
urn:mavedb:00000061-h-1#58,NA,NA,p.His28Ser,-0.11377657911345065,-0.11377657911345065,-0.17660107952856813,0.19261866281246628
urn:mavedb:00000061-h-1#59,NA,NA,p.Ser1Gln,0.23164277071417305,0.23633885046013314,0.18818234959967603,0.23164277071417305
urn:mavedb:00000061-h-1#60,NA,NA,p.Arg38Pro,-1.465959097224813,-1.465959097224813,-1.5287835976399309,-1.4605938509628773
urn:mavedb:00000061-h-1#61,NA,NA,p.Leu35Pro,-1.6730845900204632,-1.6730845900204632,-2.0747276469889617,-1.6329572374993155
urn:mavedb:00000061-h-1#62,NA,NA,p.Ala34Pro,0.16458993921222276,0.23840593899791185,0.02297127537663605,0.16458993921222276
urn:mavedb:00000061-h-1#63,NA,NA,p.Leu31Pro,-2.0313961485603977,-1.8149126452059767,-2.0326391056068376,-2.0313961485603977
urn:mavedb:00000061-h-1#64,NA,NA,p.His28Pro,-1.5686214391219608,-1.5686214391219608,-1.93247593520106,-1.5632561928600253
urn:mavedb:00000061-h-1#65,NA,NA,p.Leu27Pro,-2.1180979528960933,-2.1180979528960933,-2.357013712366892,-1.890883957017801
urn:mavedb:00000061-h-1#66,NA,NA,p.Arg22Pro,0.15370059678209666,0.18725341655053054,0.10106269781120046,0.15370059678209666
urn:mavedb:00000061-h-1#67,NA,NA,p.Thr17Pro,-1.8213467552113871,-1.8213467552113871,-2.185201251290485,-1.8159815089494515
urn:mavedb:00000061-h-1#68,NA,NA,p.Arg16Pro,-1.6647138336188019,-1.3690490842167566,-2.0339335759598365,-1.6647138336188019
urn:mavedb:00000061-h-1#69,NA,NA,p.Gln15Pro,-1.5686214391219608,-1.5686214391219608,-1.93247593520106,-1.5632561928600253
urn:mavedb:00000061-h-1#70,NA,NA,p.Leu11Pro,-2.0960775977777897,-2.1014428440397253,-1.7663273357828049,-2.0960775977777897
urn:mavedb:00000061-h-1#71,NA,NA,p.Phe10Pro,-0.2898678381691319,-0.2898678381691319,-0.6537223342482306,-0.2845025919071962
urn:mavedb:00000061-h-1#72,NA,NA,p.Arg8Pro,-1.6389990774275245,-1.752265836068088,-1.6389990774275245,-1.4458705941421708
urn:mavedb:00000061-h-1#73,NA,NA,p.Ile7Pro,-0.5908978338331131,-0.5908978338331131,-0.9547523299122116,-0.5855325875711773
urn:mavedb:00000061-h-1#74,NA,NA,p.Thr6Pro,-0.9711427461003812,-1.0222615979921004,-0.9711427461003812,-0.8707683160519267
urn:mavedb:00000061-h-1#75,NA,NA,p.Thr3Pro,0.5100390746646168,0.5623305422630639,0.4602210180586062,0.5100390746646168
urn:mavedb:00000061-h-1#76,NA,NA,p.Ser1Pro,0.36176106191281976,0.4560987288431105,0.3140929823803682,0.36176106191281976
urn:mavedb:00000061-h-1#77,NA,NA,p.Lys36Asn,-0.016472856346140274,-0.0275904314971673,0.04454092545353923,-0.016472856346140274
urn:mavedb:00000061-h-1#78,NA,NA,p.Lys33Asn,-1.8864649337955919,-1.8864649337955919,-1.9492894342107097,-1.8810996875336563
urn:mavedb:00000061-h-1#79,NA,NA,p.Asp29Asn,0.03265107332858767,0.03265107332858767,0.03505847588585278,0.02277635303378657
urn:mavedb:00000061-h-1#80,NA,NA,p.His28Asn,0.062314679942230576,0.062314679942230576,-0.031767514203328906,0.12942552214897182
urn:mavedb:00000061-h-1#81,NA,NA,p.Ser26Asn,-0.24072366732860895,-0.27690286100476424,-0.1552029348273377,-0.24072366732860895
urn:mavedb:00000061-h-1#82,NA,NA,p.Arg22Asn,0.011162157494849298,0.011162157494849298,0.04524767008778822,-0.2845025919071962
urn:mavedb:00000061-h-1#83,NA,NA,p.Thr17Asn,-0.9547523299122116,-0.7669890928887944,-0.9547523299122116,-1.363683837954821
urn:mavedb:00000061-h-1#84,NA,NA,p.Lys14Asn,0.002843821534700909,-0.20733295011391925,0.002843821534700909,0.05051190106715239
urn:mavedb:00000061-h-1#85,NA,NA,p.Ile7Asn,-1.7048748566956118,-1.7669890928887944,-1.7048748566956118,-1.5397750970105022
urn:mavedb:00000061-h-1#86,NA,NA,p.Ser4Asn,-0.047141676112592214,-0.009041228593437622,-0.05607146182532319,-0.047141676112592214
urn:mavedb:00000061-h-1#87,NA,NA,p.Thr3Asn,-0.4245664120665881,-0.4245664120665881,-0.4680857572863189,-0.11817117014067118
urn:mavedb:00000061-h-1#88,NA,NA,p.Lys2Asn,-0.17660107952856813,-0.14373980249089388,-0.17660107952856813,-0.2845025919071962
urn:mavedb:00000061-h-1#89,NA,NA,p.Ser1Asn,0.15819277988224376,0.15819277988224376,0.08317675661565836,0.16952780374174115
urn:mavedb:00000061-h-1#90,NA,NA,p.Val37Met,-0.15027214080621898,-0.2387153157217506,-0.15027214080621898,-0.13644005645175844
urn:mavedb:00000061-h-1#91,NA,NA,p.Lys36Met,-0.2845025919071962,0.011162157494849298,-0.6537223342482306,-0.2845025919071962
urn:mavedb:00000061-h-1#92,NA,NA,p.Leu35Met,0.2383761533731414,0.2809344594283885,0.06413301424816202,0.2383761533731414
urn:mavedb:00000061-h-1#93,NA,NA,p.Lys33Met,-0.2898678381691319,-0.2898678381691319,-0.6537223342482306,-0.2845025919071962
urn:mavedb:00000061-h-1#94,NA,NA,p.Leu31Met,-0.5908978338331131,-0.5908978338331131,-0.5445778648231625,-0.6177172709425786
urn:mavedb:00000061-h-1#95,NA,NA,p.Leu27Met,-0.6824426005792338,-0.7925431973611825,-0.5075942985699926,-0.6824426005792338
urn:mavedb:00000061-h-1#96,NA,NA,p.Val21Met,-1.219001043150764,-1.270123779973375,-1.2080095437801923,-1.219001043150764
urn:mavedb:00000061-h-1#97,NA,NA,p.Lys14Met,-0.2020923757293729,-0.2802520693775328,-0.1555146816513643,-0.2020923757293729
urn:mavedb:00000061-h-1#98,NA,NA,p.Pro12Met,-0.2898678381691319,-0.2898678381691319,-0.6537223342482306,-0.2845025919071962
urn:mavedb:00000061-h-1#99,NA,NA,p.Leu11Met,-1.0222615979921004,-1.0222615979921004,-0.9089948393515366,-1.113806364738221
urn:mavedb:00000061-h-1#100,NA,NA,p.Val9Met,-1.937525927937701,-2.050792686578265,-1.937525927937701,-1.6774506550217347
urn:mavedb:00000061-h-1#101,NA,NA,p.Ile7Met,-0.3520157449179763,-0.3520157449179763,-0.5993646719256379,-0.3466504986560406
urn:mavedb:00000061-h-1#102,NA,NA,p.Thr6Met,0.06586530330987761,0.12362642967676685,0.06586530330987761,-0.0006019228297997481
urn:mavedb:00000061-h-1#103,NA,NA,p.Lys2Met,0.07213028128928292,0.11841300384112452,0.07213028128928292,0.06359104411974374
urn:mavedb:00000061-h-1#104,NA,NA,p.Arg38Leu,-0.9377151056825398,-1.2441103476084567,-0.9089948393515366,-0.9377151056825398
urn:mavedb:00000061-h-1#105,NA,NA,p.Val37Leu,0.02889092445528088,0.02889092445528088,-0.0005098204728868665,0.05128951001599698
urn:mavedb:00000061-h-1#106,NA,NA,p.Lys33Leu,-0.2898678381691319,-0.2898678381691319,-0.6537223342482306,-0.2845025919071962
urn:mavedb:00000061-h-1#107,NA,NA,p.Met32Leu,0.0613771703883241,0.04229756642034339,0.0613771703883241,0.0767146097401016
urn:mavedb:00000061-h-1#108,NA,NA,p.His28Leu,0.11969278302704772,0.11969278302704772,0.07716938373761971,0.13216611728712274
urn:mavedb:00000061-h-1#109,NA,NA,p.Met25Leu,0.2944920953520728,0.3515378848878689,0.2530955252629561,0.2944920953520728
urn:mavedb:00000061-h-1#110,NA,NA,p.Arg22Leu,-0.1971137849322332,-0.1971137849322332,-0.18354993948389592,-0.21755580227658292
urn:mavedb:00000061-h-1#111,NA,NA,p.Val21Leu,-0.5686214391219608,-0.5686214391219608,-0.4411142413667869,-0.6090136834207003
urn:mavedb:00000061-h-1#112,NA,NA,p.Val19Leu,0.16265543943502306,0.28532000675852914,0.11565499182790795,0.16265543943502306
urn:mavedb:00000061-h-1#113,NA,NA,p.Val18Leu,-1.5686214391219608,-1.5686214391219608,-1.93247593520106,-1.2622261971960438
urn:mavedb:00000061-h-1#114,NA,NA,p.Arg16Leu,-1.1765971945976763,-1.1819624408596123,-0.591574427499386,-1.1765971945976763
urn:mavedb:00000061-h-1#115,NA,NA,p.Gln15Leu,-2.3832895233313667,-2.3832895233313667,-2.4461140237464845,-2.377924277069431
urn:mavedb:00000061-h-1#116,NA,NA,p.Pro12Leu,-1.5752087201259422,-1.6720850625783366,-1.5752087201259422,-1.4448710667000444
urn:mavedb:00000061-h-1#117,NA,NA,p.Phe10Leu,-0.8661481184151815,-1.0176414003553549,-0.8445768938738423,-0.8661481184151815
urn:mavedb:00000061-h-1#118,NA,NA,p.Val9Leu,-1.2309587418511607,-1.0431955048277433,-1.2309587418511607,-1.3388602542297892
urn:mavedb:00000061-h-1#119,NA,NA,p.Arg8Leu,-0.4574276891042624,-0.3690490842167567,-0.4574276891042624,-0.9077518823050966
urn:mavedb:00000061-h-1#120,NA,NA,p.Ile7Leu,0.2594858026428276,0.2594858026428276,0.18781589499980603,0.32371770812558465
urn:mavedb:00000061-h-1#121,NA,NA,p.Thr6Leu,0.2797688385313665,0.3121921531588305,0.17018640669608825,0.2797688385313665
urn:mavedb:00000061-h-1#122,NA,NA,p.Ser1Leu,0.11028126507412088,0.09449936331363186,0.11028126507412088,0.11343741676484145
urn:mavedb:00000061-h-1#123,NA,NA,p.Met32Lys,0.058586807422987476,0.058586807422987476,0.004656020167852385,0.07867531050562948
urn:mavedb:00000061-h-1#124,NA,NA,p.Leu27Lys,-0.5908978338331131,-0.5908978338331131,-0.9547523299122116,-0.5855325875711773
urn:mavedb:00000061-h-1#125,NA,NA,p.Met25Lys,0.3832859709120614,0.469923403163438,0.29957296765770225,0.3832859709120614
urn:mavedb:00000061-h-1#126,NA,NA,p.Asn23Lys,0.0917597993820449,0.07268019541406431,0.0917597993820449,0.11719756563814827
urn:mavedb:00000061-h-1#127,NA,NA,p.Asn20Lys,0.748073759443768,0.8754233567961154,0.5574825442237751,0.748073759443768
urn:mavedb:00000061-h-1#128,NA,NA,p.Gln15Lys,-0.6537223342482306,-0.6700790798807379,-0.6537223342482306,-0.5185857979405641
urn:mavedb:00000061-h-1#129,NA,NA,p.Asn13Lys,-0.4318735846318741,-0.3276563990585317,-0.4318735846318741,-0.5397750970105022
urn:mavedb:00000061-h-1#130,NA,NA,p.Val9Lys,-0.2898678381691319,-0.2898678381691319,-0.6537223342482306,-0.2845025919071962
urn:mavedb:00000061-h-1#131,NA,NA,p.Thr6Lys,-0.7998503699264686,-0.8339358825194075,-0.7998503699264686,-0.6524793772017905
urn:mavedb:00000061-h-1#132,NA,NA,p.Asn5Lys,-0.07622664948011365,-0.08159189574204939,-0.02730299706082346,-0.07622664948011365
urn:mavedb:00000061-h-1#133,NA,NA,p.Lys36Ile,-0.3439397797590638,-0.4761782624064992,-0.3257696957613688,-0.3439397797590638
urn:mavedb:00000061-h-1#134,NA,NA,p.Lys33Ile,-2.0803826092512714,-1.784717859849226,-2.1485723559283247,-2.0803826092512714
urn:mavedb:00000061-h-1#135,NA,NA,p.Met32Ile,-0.08089535271879504,-0.08089535271879504,-0.1159739654159568,-0.07553010645685929
urn:mavedb:00000061-h-1#136,NA,NA,p.Cys30Ile,-0.2898678381691319,-0.2898678381691319,-0.35269233858424937,0.01652740375678504
urn:mavedb:00000061-h-1#137,NA,NA,p.Ser26Ile,-0.04338981695427832,-0.06138850965376241,-0.04338981695427832,-0.036718108196440065
urn:mavedb:00000061-h-1#138,NA,NA,p.Met25Ile,0.17823307179747302,0.2499814462534305,0.14773811628433314,0.17823307179747302
urn:mavedb:00000061-h-1#139,NA,NA,p.Asn23Ile,-0.14924758682292005,-0.18304953650082653,-0.11808745743481774,-0.14924758682292005
urn:mavedb:00000061-h-1#140,NA,NA,p.Val21Ile,-0.2898678381691319,-0.2898678381691319,-0.6537223342482306,0.01652740375678504
urn:mavedb:00000061-h-1#141,NA,NA,p.Asn20Ile,0.2086313330588392,0.2738471610826108,0.20428927800852492,0.2086313330588392
urn:mavedb:00000061-h-1#142,NA,NA,p.Val19Ile,0.11465906168262255,0.14779341877351934,0.10567948012257414,0.11465906168262255
urn:mavedb:00000061-h-1#143,NA,NA,p.Val18Ile,-0.1527090086531472,-0.22067081302810804,-0.05963127259154352,-0.1527090086531472
urn:mavedb:00000061-h-1#144,NA,NA,p.Thr17Ile,-1.5799024495316498,-1.5799024495316498,-1.4666356908910858,-1.8755671989336955
urn:mavedb:00000061-h-1#145,NA,NA,p.Lys14Ile,-0.7669890928887944,-0.7669890928887944,-0.8298135933039118,-0.7616238466268586
urn:mavedb:00000061-h-1#146,NA,NA,p.Asn13Ile,-1.0169002366610562,-1.222921048538519,-1.0169002366610562,-0.8865625832351586
urn:mavedb:00000061-h-1#147,NA,NA,p.Phe10Ile,-2.2289852640573646,-1.5353805059832817,-2.5982050063983992,-2.2289852640573646
urn:mavedb:00000061-h-1#148,NA,NA,p.Asn5Ile,-0.6101550624795093,-0.7502188826389014,-0.5400421109902812,-0.6101550624795093
urn:mavedb:00000061-h-1#149,NA,NA,p.Ser4Ile,0.04592426375406123,0.04592426375406123,0.02449244849716884,0.1877661600180542
urn:mavedb:00000061-h-1#150,NA,NA,p.Thr3Ile,0.2676833426652589,0.3732461185688085,0.22945681936564896,0.2676833426652589
urn:mavedb:00000061-h-1#151,NA,NA,p.Ser1Ile,0.12975774964048006,0.16525912284436262,0.12975774964048006,0.05498565557596072
urn:mavedb:00000061-h-1#152,NA,NA,p.Arg38His,-1.81208482634348,-1.670079079880738,-1.81208482634348,-2.1418350883384645
urn:mavedb:00000061-h-1#153,NA,NA,p.Asp29His,-0.10965428989795492,-0.1929578251610755,-0.10965428989795492,-0.10841133285151493
urn:mavedb:00000061-h-1#154,NA,NA,p.Ser26His,-0.2898678381691319,-0.2898678381691319,-0.35269233858424937,-0.2845025919071962
urn:mavedb:00000061-h-1#155,NA,NA,p.Asn23His,0.050080223525218924,0.050080223525218924,0.07665613433941235,0.01652740375678504
urn:mavedb:00000061-h-1#156,NA,NA,p.Arg22His,-0.21025656353508354,-0.24282409264948066,-0.10965428989795492,-0.21025656353508354
urn:mavedb:00000061-h-1#157,NA,NA,p.Asn20His,-0.09943512471626884,-0.22292104853851866,-0.09943512471626884,0.01652740375678504
urn:mavedb:00000061-h-1#158,NA,NA,p.Arg16His,0.5205534573696707,0.6213098030661505,0.4246418005858151,0.5205534573696707
urn:mavedb:00000061-h-1#159,NA,NA,p.Gln15His,-1.9362689242181987,-2.0495356828587625,-1.9362689242181987,-1.8680791775411452
urn:mavedb:00000061-h-1#160,NA,NA,p.Asn13His,-0.13556357889512965,0.0011779365882483685,-0.18996504108654966,-0.13556357889512965
urn:mavedb:00000061-h-1#161,NA,NA,p.Phe10His,-0.17660107952856813,0.3121921531588305,-0.17660107952856813,-0.2845025919071962
urn:mavedb:00000061-h-1#162,NA,NA,p.Arg8His,-1.0906825658910833,-1.1666288864387262,-0.9827810535124554,-1.0906825658910833
urn:mavedb:00000061-h-1#163,NA,NA,p.Asn5His,0.06373107578180137,-0.028346383788824314,0.06373107578180137,0.09413226156945484
urn:mavedb:00000061-h-1#164,NA,NA,p.Ser1His,0.1137410694653351,0.1137410694653351,0.09941881985355114,0.11785293972917366
urn:mavedb:00000061-h-1#165,NA,NA,p.Arg38Gly,-1.4988203742624877,-1.0380558651753322,-1.4988203742624877,-1.7316606232494154
urn:mavedb:00000061-h-1#166,NA,NA,p.Val37Gly,-1.7370258695113512,-1.7370258695113512,-1.7998503699264683,-1.7316606232494154
urn:mavedb:00000061-h-1#167,NA,NA,p.Ala34Gly,0.031674862898514344,-0.14853868537266265,0.031674862898514344,0.14562210013624274
urn:mavedb:00000061-h-1#168,NA,NA,p.Lys33Gly,-0.8919278294970943,-0.8919278294970943,-1.2557823255761928,-0.8865625832351586
urn:mavedb:00000061-h-1#169,NA,NA,p.Cys30Gly,-0.30835124386314505,-0.30835124386314505,-0.2521782013073677,-0.3322753737031968
urn:mavedb:00000061-h-1#170,NA,NA,p.Asp29Gly,-0.04268276136021973,-0.05172330020720809,-0.04114622423511294,-0.04268276136021973
urn:mavedb:00000061-h-1#171,NA,NA,p.Ser26Gly,-0.6625243717447262,-0.6678896180066619,-0.5187103034754537,-0.6625243717447262
urn:mavedb:00000061-h-1#172,NA,NA,p.Arg22Gly,-0.15639769344028118,-0.1459612624848519,-0.15639769344028118,-0.4306306275854342
urn:mavedb:00000061-h-1#173,NA,NA,p.Val21Gly,-0.3400199197570275,-0.4206361184381557,-0.26990696826779925,-0.3400199197570275
urn:mavedb:00000061-h-1#174,NA,NA,p.Val19Gly,-1.520316759547406,-1.520316759547406,-1.5831412599625232,-1.51495151328547
urn:mavedb:00000061-h-1#175,NA,NA,p.Val18Gly,-1.7812295320034046,-1.7812295320034046,-1.8440540324185224,-1.7758642857414688
urn:mavedb:00000061-h-1#176,NA,NA,p.Arg16Gly,-1.0612076608264984,-1.3505656785227436,-1.0612076608264984,-0.9472604235887704
urn:mavedb:00000061-h-1#177,NA,NA,p.Asn13Gly,-0.5908978338331131,-0.5908978338331131,-0.9547523299122116,-0.5855325875711773
urn:mavedb:00000061-h-1#178,NA,NA,p.Val9Gly,-2.102781194811988,-2.102781194811988,-2.4666356908910863,-2.097415948550052
urn:mavedb:00000061-h-1#179,NA,NA,p.Arg8Gly,-1.5632561928600253,-1.5686214391219608,-1.4553546804813968,-1.5632561928600253
urn:mavedb:00000061-h-1#180,NA,NA,p.Asn5Gly,-0.2898678381691319,-0.2898678381691319,-0.6537223342482306,-0.2845025919071962
urn:mavedb:00000061-h-1#181,NA,NA,p.Ser4Gly,0.03521573063056122,0.028754117246115807,0.03521573063056122,0.07334225520030199
urn:mavedb:00000061-h-1#182,NA,NA,p.Lys2Gly,-0.05166234292026816,0.3121921531588305,-0.05166234292026816,-0.2845025919071962
urn:mavedb:00000061-h-1#183,NA,NA,p.Ser1Gly,-0.07603461123603686,-0.07808461634649573,-0.0702042118952343,-0.07603461123603686
urn:mavedb:00000061-h-1#184,NA,NA,p.Cys30Phe,-0.4776310751925493,-0.5037476581142128,-0.4776310751925493,-0.4258317447036655
urn:mavedb:00000061-h-1#185,NA,NA,p.Arg22Phe,-0.5908978338331131,-0.5908978338331131,-0.6537223342482306,-0.5855325875711773
urn:mavedb:00000061-h-1#186,NA,NA,p.Val21Phe,-0.2898678381691319,-0.2898678381691319,-0.6537223342482306,-0.2845025919071962
urn:mavedb:00000061-h-1#187,NA,NA,p.Val19Phe,-0.12505758952313972,-0.12505758952313972,-0.035271926732098814,-0.167997022835759
urn:mavedb:00000061-h-1#188,NA,NA,p.Val18Phe,-0.9361314919891478,-0.9361314919891478,-1.103691342924278,-0.930766245727212
urn:mavedb:00000061-h-1#189,NA,NA,p.Thr17Phe,-0.2898678381691319,-0.2898678381691319,-0.6537223342482306,-0.2845025919071962
urn:mavedb:00000061-h-1#190,NA,NA,p.Ile7Phe,-0.3363799674633885,-0.3363799674633885,-0.2256381838533285,-0.3542860636144409
urn:mavedb:00000061-h-1#191,NA,NA,p.Gly39Glu,-0.3984498291449245,-0.3867778511771883,-0.3984498291449245,-0.5063513415235525
urn:mavedb:00000061-h-1#192,NA,NA,p.Val37Glu,-1.9441019043439405,-1.9494671506058765,-1.8362003919653125,-1.9441019043439405
urn:mavedb:00000061-h-1#193,NA,NA,p.Lys36Glu,-0.773893761088103,-0.773893761088103,-0.7727645538911136,-0.9222389940044916
urn:mavedb:00000061-h-1#194,NA,NA,p.Ala34Glu,-0.7262730013968423,-0.7048411861399498,-0.7262730013968423,-0.7963859528860705
urn:mavedb:00000061-h-1#195,NA,NA,p.Lys33Glu,-1.4168445942667545,-1.7017934930579446,-1.4168445942667545,-1.4156016372203146
urn:mavedb:00000061-h-1#196,NA,NA,p.Asp29Glu,-0.306234937345248,-0.3340715006611853,-0.306234937345248,-0.2443853686992137
urn:mavedb:00000061-h-1#197,NA,NA,p.Met25Glu,-0.4776310751925493,-0.2898678381691319,-0.4776310751925493,-0.5855325875711773
urn:mavedb:00000061-h-1#198,NA,NA,p.Val21Glu,-1.7896525702271022,-1.7158365704414131,-1.8578423169041556,-1.7896525702271022
urn:mavedb:00000061-h-1#199,NA,NA,p.Asn20Glu,-0.2898678381691319,-0.2898678381691319,-0.6537223342482306,-0.2845025919071962
urn:mavedb:00000061-h-1#200,NA,NA,p.Val19Glu,-0.2898678381691319,-0.2898678381691319,-0.6537223342482306,-0.2845025919071962
urn:mavedb:00000061-h-1#201,NA,NA,p.Val18Glu,-0.5908978338331131,-0.5908978338331131,-0.9547523299122116,-0.5855325875711773
urn:mavedb:00000061-h-1#202,NA,NA,p.Gln15Glu,-0.21068659212150712,-0.21068659212150712,-0.2065643029060114,-0.9834725962432148
urn:mavedb:00000061-h-1#203,NA,NA,p.Lys14Glu,-0.15798024160550414,-0.15798024160550414,-0.18508918975408706,-0.14038053892655675
urn:mavedb:00000061-h-1#204,NA,NA,p.Val9Glu,-2.0850860984072184,-2.3232915936560823,-2.0850860984072184,-2.016896351730165
urn:mavedb:00000061-h-1#205,NA,NA,p.Lys2Glu,-0.4815607200756341,-0.5280385518524814,-0.4241118194660611,-0.4815607200756341
urn:mavedb:00000061-h-1#206,NA,NA,p.Gly39Asp,0.06643696915772633,0.20061737810851207,0.06643696915772633,0.009687979226479623
urn:mavedb:00000061-h-1#207,NA,NA,p.Lys36Asp,-0.2898678381691319,-0.2898678381691319,-0.6537223342482306,-0.2845025919071962
urn:mavedb:00000061-h-1#208,NA,NA,p.Lys33Asp,-0.5908978338331131,-0.5908978338331131,-0.9547523299122116,-0.5855325875711773
urn:mavedb:00000061-h-1#209,NA,NA,p.His28Asp,0.02176657423826536,-0.09150018440229843,0.02176657423826536,0.08995632091531851
urn:mavedb:00000061-h-1#210,NA,NA,p.Ser26Asp,-0.7669890928887944,-0.7669890928887944,-1.1308435889678932,-0.7616238466268586
urn:mavedb:00000061-h-1#211,NA,NA,p.Gly24Asp,0.006061970078620032,0.0006967238166842896,0.04628047552555608,0.006061970078620032
urn:mavedb:00000061-h-1#212,NA,NA,p.Asn23Asp,0.061737776207969275,0.012721564850370544,0.07425167925824963,0.061737776207969275
urn:mavedb:00000061-h-1#213,NA,NA,p.Arg22Asp,-0.7669890928887944,-0.7669890928887944,-1.1308435889678932,-0.7616238466268586
urn:mavedb:00000061-h-1#214,NA,NA,p.Asn20Asp,-0.9490000010231204,-0.886175500608003,-0.9490000010231204,-0.9692321571286048
urn:mavedb:00000061-h-1#215,NA,NA,p.Val19Asp,-1.7421655091637622,-1.7421655091637622,-2.2821112642985417,-1.7368002629018264
urn:mavedb:00000061-h-1#216,NA,NA,p.Val18Asp,-2.0479305854701333,-2.0532958317320693,-1.8150903364832052,-2.0479305854701333
urn:mavedb:00000061-h-1#217,NA,NA,p.Asn13Asp,-0.32743079244900697,-0.3471304911351318,-0.21485437506039234,-0.32743079244900697
urn:mavedb:00000061-h-1#218,NA,NA,p.Ile7Asp,-0.2898678381691319,-0.2898678381691319,-0.6537223342482306,-0.2845025919071962
urn:mavedb:00000061-h-1#219,NA,NA,p.Asn5Asp,-0.43106065617185774,-0.43106065617185774,-0.3439184142767442,-0.4457819716580551
urn:mavedb:00000061-h-1#220,NA,NA,p.Ser4Asp,-0.2845025919071962,-0.2898678381691319,0.19137570576602628,-0.2845025919071962
urn:mavedb:00000061-h-1#221,NA,NA,p.Gly39Cys,-0.2898678381691319,-0.2898678381691319,-0.12544855708118685,-0.4094413285154961
urn:mavedb:00000061-h-1#222,NA,NA,p.Arg38Cys,-1.9961450150704367,-1.7292005319993946,-1.9961450150704367,-2.02486528140144
urn:mavedb:00000061-h-1#223,NA,NA,p.His28Cys,0.08347419338739824,0.011162157494849298,0.17018640669608825,0.08347419338739824
urn:mavedb:00000061-h-1#224,NA,NA,p.Ser26Cys,-0.07806102684691615,-0.07806102684691615,-0.06585108338808164,-0.08038260925127133
urn:mavedb:00000061-h-1#225,NA,NA,p.Gly24Cys,0.14596664159176145,0.08664152967521296,0.16533390390167613,0.14596664159176145
urn:mavedb:00000061-h-1#226,NA,NA,p.Asn23Cys,0.18725341655053054,0.18725341655053054,0.3876703509099945,0.01652740375678504
urn:mavedb:00000061-h-1#227,NA,NA,p.Arg22Cys,-0.4404456098790329,-0.4820230287954134,-0.4110310276816753,-0.4404456098790329
urn:mavedb:00000061-h-1#228,NA,NA,p.Arg16Cys,-1.1727544390727884,-1.1727544390727884,-0.9296416093291806,-1.254539368529753
urn:mavedb:00000061-h-1#229,NA,NA,p.Asn13Cys,-0.10965428989795492,-0.11377657911345065,-0.10965428989795492,-0.10841133285151493
urn:mavedb:00000061-h-1#230,NA,NA,p.Phe10Cys,-1.430630627585434,-1.4359958738473702,-1.1977903785985062,-1.430630627585434
urn:mavedb:00000061-h-1#231,NA,NA,p.Arg8Cys,-1.1544242156464852,-1.2141471242310136,-0.9028345306467184,-1.1544242156464852
urn:mavedb:00000061-h-1#232,NA,NA,p.Ser4Cys,-0.01065438639954932,-0.022543698997084728,-0.01065438639954932,0.049114770960377134
urn:mavedb:00000061-h-1#233,NA,NA,p.Ser1Cys,0.29464560667103035,0.3333814522287686,0.25237316288343825,0.29464560667103035
urn:mavedb:00000061-h-1#234,NA,NA,p.Gly39Ala,-0.4228052900734776,-0.4861624833131002,-0.26375125524746834,-0.4228052900734776
urn:mavedb:00000061-h-1#235,NA,NA,p.Val37Ala,-0.6427836282300092,-0.7450588875000014,-0.600077715682231,-0.6427836282300092
urn:mavedb:00000061-h-1#236,NA,NA,p.Leu35Ala,-0.2898678381691319,-0.2898678381691319,-0.6537223342482306,-0.2845025919071962
urn:mavedb:00000061-h-1#237,NA,NA,p.Met32Ala,-0.1929578251610755,-0.1929578251610755,-0.21438964041796787,-0.04146454322090171
urn:mavedb:00000061-h-1#238,NA,NA,p.Leu31Ala,-0.2898678381691319,-0.2898678381691319,-0.6537223342482306,-0.2845025919071962
urn:mavedb:00000061-h-1#239,NA,NA,p.Asp29Ala,-0.06196229956008014,0.03749109621719848,-0.06196229956008014,-0.06537670062631308
urn:mavedb:00000061-h-1#240,NA,NA,p.Gly24Ala,0.24936765274371306,0.24469666543640034,0.24936765274371306,0.3075731785141654
urn:mavedb:00000061-h-1#241,NA,NA,p.Val21Ala,0.12895452597260254,0.12895452597260254,0.11837291885606775,0.14114384388876958
urn:mavedb:00000061-h-1#242,NA,NA,p.Val19Ala,-0.2062747918668939,-0.2516033380738494,-0.17612514032268534,-0.2062747918668939
urn:mavedb:00000061-h-1#243,NA,NA,p.Val18Ala,-0.7131114203456856,-0.7810321702722628,-0.6213966690603329,-0.7131114203456856
urn:mavedb:00000061-h-1#244,NA,NA,p.Thr17Ala,-1.0132040911010924,-1.1191716110001568,-1.0132040911010924,-0.9998630124313844
urn:mavedb:00000061-h-1#245,NA,NA,p.Pro12Ala,-1.5397750970105022,-1.5451403432724384,-1.4318735846318742,-1.5397750970105022
urn:mavedb:00000061-h-1#246,NA,NA,p.Val9Ala,0.2255712061124097,0.26209291040564103,0.17579874881094776,0.2255712061124097
urn:mavedb:00000061-h-1#247,NA,NA,p.Thr6Ala,-0.5040226792049698,-0.5611214439633495,-0.4602386664380908,-0.5040226792049698
urn:mavedb:00000061-h-1#248,NA,NA,p.Thr3Ala,0.12908531394966255,0.14808770326216425,0.12908531394966255,0.12157131164814572
urn:mavedb:00000061-h-1#249,NA,NA,p.Ser1Ala,-0.2898678381691319,-0.2898678381691319,-0.6537223342482306,-0.2845025919071962
urn:mavedb:00000061-h-1#250,NA,NA,p.Gly24Ser,0.4279698828324698,0.4627870251296633,0.3803358910110285,0.4279698828324698
urn:mavedb:00000061-h-1#251,NA,NA,p.Asn23Ser,0.09312248277393363,0.07973857185897074,0.09312248277393363,0.1068570714535199
urn:mavedb:00000061-h-1#252,NA,NA,p.Arg22Ser,-0.4832639554332836,-0.4832639554332836,-0.33932837702626784,-0.5592036488488282
urn:mavedb:00000061-h-1#253,NA,NA,p.Val21Ser,-0.2898678381691319,-0.2898678381691319,-0.6537223342482306,-0.2845025919071962
urn:mavedb:00000061-h-1#254,NA,NA,p.Asn20Ser,-0.2409220206007956,-0.2046962284323197,-0.32016311375732937,-0.2409220206007956
urn:mavedb:00000061-h-1#255,NA,NA,p.Thr17Ser,0.30006666726043074,0.3451924132617559,0.26273161430169456,0.30006666726043074
urn:mavedb:00000061-h-1#256,NA,NA,p.Arg16Ser,-0.8134231771157425,-1.4038111904759687,-0.8134231771157425,-0.699475939878014
urn:mavedb:00000061-h-1#257,NA,NA,p.Lys14Ser,-0.2898678381691319,-0.2898678381691319,-0.6537223342482306,0.01652740375678504
urn:mavedb:00000061-h-1#258,NA,NA,p.Asn13Ser,-0.4121304670262773,-0.4511353209077888,-0.41068428556193615,-0.4121304670262773
urn:mavedb:00000061-h-1#259,NA,NA,p.Pro12Ser,-1.6780777951767836,-1.6834430414387194,-1.4452375461898557,-1.6780777951767836
urn:mavedb:00000061-h-1#260,NA,NA,p.Phe10Ser,-0.3850930886536202,-0.4471322399653295,-0.3545286816242466,-0.3850930886536202
urn:mavedb:00000061-h-1#261,NA,NA,p.Arg8Ser,-1.3917125615550645,-1.618926557433357,-0.9975043103331616,-1.3917125615550645
urn:mavedb:00000061-h-1#262,NA,NA,p.Ile7Ser,-1.6120871329030513,-1.6120871329030513,-1.9759416289821496,-1.6067218866411157
urn:mavedb:00000061-h-1#263,NA,NA,p.Thr6Ser,-0.29717501073441793,-0.2855030327666818,-0.29717501073441793,-0.3716527676260963
urn:mavedb:00000061-h-1#264,NA,NA,p.Asn5Ser,0.3714586302962985,0.3688248048737924,0.3724605985954856,0.3714586302962985
urn:mavedb:00000061-h-1#265,NA,NA,p.Thr3Ser,-0.3980118667347142,-0.4206361184381557,-0.3419684731924763,-0.3980118667347142
urn:mavedb:00000061-h-1#266,NA,NA,p.Gly39Arg,-0.8910832500428345,-0.7904701887383173,-0.8910832500428345,-1.0861349381403629
urn:mavedb:00000061-h-1#267,NA,NA,p.Lys36Arg,0.08693472549690466,0.08986058583637804,0.05008473102609802,0.08693472549690466
urn:mavedb:00000061-h-1#268,NA,NA,p.Leu35Arg,-1.8696514347859419,-1.8696514347859419,-2.2335059308650407,-1.8642861885240063
urn:mavedb:00000061-h-1#269,NA,NA,p.Lys33Arg,-0.36368383795482095,-0.40820120817890504,-0.3213999803303501,-0.36368383795482095
urn:mavedb:00000061-h-1#270,NA,NA,p.Met32Arg,-0.3770180138880321,-0.3770180138880321,-0.26375125524746834,-0.4508340136737212
urn:mavedb:00000061-h-1#271,NA,NA,p.Leu31Arg,-1.9026516948888677,-1.9026516948888677,-1.9654761953039848,-1.897286448626932
urn:mavedb:00000061-h-1#272,NA,NA,p.Cys30Arg,-1.4960977071579995,-1.756735458523241,-1.0524040928561784,-1.4960977071579995
urn:mavedb:00000061-h-1#273,NA,NA,p.Asp29Arg,-0.2898678381691319,-0.2898678381691319,-0.35269233858424937,-0.2845025919071962
urn:mavedb:00000061-h-1#274,NA,NA,p.His28Arg,-0.00181405244032675,-0.02900773619793525,-0.0008727912269055607,-0.00181405244032675
urn:mavedb:00000061-h-1#275,NA,NA,p.Leu27Arg,-1.6515956741867248,-1.6515956741867248,-2.015450170265824,-1.1691091732051266
urn:mavedb:00000061-h-1#276,NA,NA,p.Ser26Arg,-0.2298699084938465,-0.2298699084938465,-0.14806999094240367,-0.2460443400880205
urn:mavedb:00000061-h-1#277,NA,NA,p.Met25Arg,0.2196021524980598,0.24940132329937498,0.10449058619322553,0.2196021524980598
urn:mavedb:00000061-h-1#278,NA,NA,p.Gly24Arg,0.17984437477603746,0.14774487526685695,0.1832069166885992,0.17984437477603746
urn:mavedb:00000061-h-1#279,NA,NA,p.Thr17Arg,-0.2898678381691319,-0.2898678381691319,-0.6537223342482306,-0.2845025919071962
urn:mavedb:00000061-h-1#280,NA,NA,p.Gln15Arg,-1.529346076089206,-1.529346076089206,-1.7171093131126236,-1.5239808298272703
urn:mavedb:00000061-h-1#281,NA,NA,p.Lys14Arg,-0.2728429793622028,-0.3204646057609012,-0.06024035736568885,-0.2728429793622028
urn:mavedb:00000061-h-1#282,NA,NA,p.Pro12Arg,-1.465959097224813,-1.465959097224813,-1.5287835976399309,-1.4605938509628773
urn:mavedb:00000061-h-1#283,NA,NA,p.Leu11Arg,-1.6067218866411157,-1.134965878183389,-1.9759416289821496,-1.6067218866411157
urn:mavedb:00000061-h-1#284,NA,NA,p.Thr6Arg,-0.3052676886561112,-0.3246299444283438,-0.3052676886561112,-0.167997022835759
urn:mavedb:00000061-h-1#285,NA,NA,p.Ser4Arg,0.42358337342227387,0.42588234633177,0.3149021013510684,0.42358337342227387
urn:mavedb:00000061-h-1#286,NA,NA,p.Lys2Arg,-0.02774190006119399,0.014858303054813041,-0.02774190006119399,-0.0527455536305908
urn:mavedb:00000061-h-1#287,NA,NA,p.Ser1Arg,0.09638472899132138,0.1175498851688538,0.09194735500433206,0.09638472899132138
urn:mavedb:00000061-h-1#288,NA,NA,p.Arg38Gln,-0.2898678381691319,-0.2898678381691319,-0.6537223342482306,-0.2845025919071962
urn:mavedb:00000061-h-1#289,NA,NA,p.Lys36Gln,-0.5239510442024998,-0.5239510442024998,-0.25578232557619296,-0.7616238466268586
urn:mavedb:00000061-h-1#290,NA,NA,p.Leu35Gln,-2.03220012052628,-2.03220012052628,-2.0950246209413974,-2.0268348742643445
urn:mavedb:00000061-h-1#291,NA,NA,p.Lys33Gln,-1.134965878183389,-1.134965878183389,-1.4988203742624877,-1.1296006319214529
urn:mavedb:00000061-h-1#292,NA,NA,p.Leu31Gln,-1.85100289237385,-1.8673596380063573,-1.85100289237385,-1.7828131456967966
urn:mavedb:00000061-h-1#293,NA,NA,p.His28Gln,0.1548301019230665,0.159224692950287,0.07521089346523141,0.1548301019230665
urn:mavedb:00000061-h-1#294,NA,NA,p.Leu27Gln,-2.2179937646867933,-2.331260523327357,-2.2179937646867933,-2.02486528140144
urn:mavedb:00000061-h-1#295,NA,NA,p.Lys14Gln,-0.21068659212150712,-0.21068659212150712,-0.1138102496691126,-0.25647386830695257
urn:mavedb:00000061-h-1#296,NA,NA,p.Pro12Gln,-1.2987430310218064,-1.3832895233313671,-1.2419940410905597,-1.2987430310218064
urn:mavedb:00000061-h-1#297,NA,NA,p.Leu11Gln,-2.4488554476916335,-2.1531906982895883,-2.5170451943686865,-2.4488554476916335
urn:mavedb:00000061-h-1#298,NA,NA,p.Lys2Gln,-0.06265384229083977,0.011162157494849298,-0.07014574861428127,-0.06265384229083977
