accession,hgvs_nt,hgvs_splice,hgvs_pro,score,count_selected,count_initial,selected_codon_freq,initial_codon_freq
urn:mavedb:00000106-c-1#231,NA,NA,p.Leu113Ala,0.06338705117331073,19,270,0.006043256997455471,0.09533898305084744
urn:mavedb:00000106-c-1#1,NA,NA,p.Pro123Ter,0.033689819598859576,2,31,0.0007719027402547278,0.022912047302291204
urn:mavedb:00000106-c-1#2,NA,NA,p.Glu122Ter,0.02777305008432486,2,49,0.0007581501137225169,0.027298050139275762
urn:mavedb:00000106-c-1#3,NA,NA,p.Ala121Ter,0.0,0,34,0.0,0.025993883792048932
urn:mavedb:00000106-c-1#4,NA,NA,p.Lys120Ter,0.022090729783037475,1,52,0.00042735042735042735,0.019345238095238096
urn:mavedb:00000106-c-1#5,NA,NA,p.Arg119Ter,0.09527225524356084,3,34,0.0011614401858304295,0.012190749372534958
urn:mavedb:00000106-c-1#6,NA,NA,p.Asp118Ter,0.011381931603817634,1,81,0.000302571860816944,0.026583524778470626
urn:mavedb:00000106-c-1#7,NA,NA,p.Glu117Ter,0.02135187896534895,1,92,0.0004880429477794046,0.022857142857142857
urn:mavedb:00000106-c-1#8,NA,NA,p.Cys116Ter,0.0,0,60,0.0,0.01598295151838039
urn:mavedb:00000106-c-1#9,NA,NA,p.Phe115Ter,0.034727922679729906,1,35,0.00046339202965708985,0.013343499809378576
urn:mavedb:00000106-c-1#10,NA,NA,p.Tyr114Ter,0.0,0,31,0.0,0.0159547092125579
urn:mavedb:00000106-c-1#11,NA,NA,p.Leu113Ter,0.0,0,66,0.0,0.023305084745762712
urn:mavedb:00000106-c-1#12,NA,NA,p.Pro123Tyr,0.011868004631416441,1,44,0.000385951370127364,0.032520325203252036
urn:mavedb:00000106-c-1#13,NA,NA,p.Glu122Tyr,0.0,0,29,0.0,0.01615598885793872
urn:mavedb:00000106-c-1#14,NA,NA,p.Ala121Tyr,1.067969481997055,61,31,0.025311203319502075,0.023700305810397556
urn:mavedb:00000106-c-1#15,NA,NA,p.Lys120Tyr,6.170677186061801,419,78,0.17905982905982906,0.029017857142857144
urn:mavedb:00000106-c-1#16,NA,NA,p.Arg119Tyr,0.6195299657914612,35,61,0.013550135501355014,0.02187163858013625
urn:mavedb:00000106-c-1#17,NA,NA,p.Asp118Tyr,0.11346910275805888,8,65,0.002420574886535552,0.02133245815556285
urn:mavedb:00000106-c-1#18,NA,NA,p.Glu117Tyr,0.1597051109603336,10,123,0.004880429477794046,0.030559006211180125
urn:mavedb:00000106-c-1#19,NA,NA,p.Cys116Tyr,0.19137764032151167,9,83,0.0042313117066290545,0.022109749600426214
urn:mavedb:00000106-c-1#20,NA,NA,p.Phe115Tyr,20.99230576150757,829,48,0.3841519925857275,0.018299656881433472
urn:mavedb:00000106-c-1#21,NA,NA,p.Tyr114Tyr,20.784210230556805,2665,92,0.9841211225997046,0.04734945959855893
urn:mavedb:00000106-c-1#22,NA,NA,p.Leu113Tyr,0.06823964839232015,5,66,0.0015903307888040714,0.023305084745762712
urn:mavedb:00000106-c-1#23,NA,NA,p.Pro123Trp,0.0193404519919379,2,54,0.0007719027402547278,0.03991130820399113
urn:mavedb:00000106-c-1#24,NA,NA,p.Glu122Trp,0.0200129331489988,2,68,0.0007581501137225169,0.03788300835654596
urn:mavedb:00000106-c-1#25,NA,NA,p.Ala121Trp,0.0,0,36,0.0,0.027522935779816515
urn:mavedb:00000106-c-1#26,NA,NA,p.Lys120Trp,1.558031240789861,118,87,0.05042735042735043,0.03236607142857143
urn:mavedb:00000106-c-1#27,NA,NA,p.Arg119Trp,0.6432566453324108,28,47,0.010840108401084009,0.016851918250268914
urn:mavedb:00000106-c-1#28,NA,NA,p.Asp118Trp,0.011973200778041928,1,77,0.000302571860816944,0.02527075812274368
urn:mavedb:00000106-c-1#29,NA,NA,p.Glu117Trp,0.04414321044521581,2,89,0.0009760858955588092,0.022111801242236023
urn:mavedb:00000106-c-1#30,NA,NA,p.Cys116Trp,0.08022396033679531,5,110,0.0023507287259050304,0.029302077783697388
urn:mavedb:00000106-c-1#31,NA,NA,p.Phe115Trp,1.630169546966145,114,85,0.05282669138090825,0.03240564239420511
urn:mavedb:00000106-c-1#32,NA,NA,p.Tyr114Trp,0.012370753323485969,1,58,0.00036927621861152144,0.02985074626865672
urn:mavedb:00000106-c-1#33,NA,NA,p.Leu113Trp,0.014412213740458016,2,125,0.0006361323155216285,0.04413841807909605
urn:mavedb:00000106-c-1#34,NA,NA,p.Pro123Val,0.046938625059085255,8,89,0.003087610961018912,0.06577974870657798
urn:mavedb:00000106-c-1#35,NA,NA,p.Glu122Val,0.005315935367702805,1,128,0.00037907505686125847,0.0713091922005571
urn:mavedb:00000106-c-1#36,NA,NA,p.Ala121Val,0.2779880578888777,42,82,0.017427385892116183,0.06269113149847094
urn:mavedb:00000106-c-1#37,NA,NA,p.Lys120Val,0.041320789522228375,5,139,0.002136752136752137,0.05171130952380952
urn:mavedb:00000106-c-1#38,NA,NA,p.Arg119Val,0.09189380647605867,12,141,0.004645760743321719,0.05055575475080674
urn:mavedb:00000106-c-1#39,NA,NA,p.Asp118Val,0.0,0,151,0.0,0.049556941253692165
urn:mavedb:00000106-c-1#40,NA,NA,p.Glu117Val,0.6888060694795688,81,231,0.039531478770131766,0.057391304347826085
urn:mavedb:00000106-c-1#41,NA,NA,p.Cys116Val,1.5143510537649387,139,162,0.06535025858015985,0.04315396909962706
urn:mavedb:00000106-c-1#42,NA,NA,p.Phe115Val,0.05172243803364029,6,141,0.0027803521779425394,0.05375524208921083
urn:mavedb:00000106-c-1#43,NA,NA,p.Tyr114Val,0.0,0,119,0.0,0.06124549665465775
urn:mavedb:00000106-c-1#44,NA,NA,p.Leu113Val,0.07633587786259542,20,236,0.0063613231552162855,0.08333333333333333
urn:mavedb:00000106-c-1#45,NA,NA,p.Pro123Thr,0.012736395214203009,1,41,0.000385951370127364,0.030303030303030307
urn:mavedb:00000106-c-1#46,NA,NA,p.Glu122Thr,0.03128458515245789,4,87,0.0015163002274450339,0.04846796657381616
urn:mavedb:00000106-c-1#47,NA,NA,p.Ala121Thr,0.008100575958382362,1,67,0.00041493775933609963,0.05122324159021407
urn:mavedb:00000106-c-1#48,NA,NA,p.Lys120Thr,0.16992869063874982,25,169,0.010683760683760684,0.06287202380952381
urn:mavedb:00000106-c-1#49,NA,NA,p.Arg119Thr,0.9856659325336584,220,241,0.08517228029423153,0.08641089996414486
urn:mavedb:00000106-c-1#50,NA,NA,p.Asp118Thr,0.10592461454276242,27,235,0.008169440242057489,0.077125041023958
urn:mavedb:00000106-c-1#51,NA,NA,p.Glu117Thr,2.451362237982792,448,359,0.21864324060517326,0.08919254658385094
urn:mavedb:00000106-c-1#52,NA,NA,p.Cys116Thr,0.02434382244702754,4,290,0.0018805829807240246,0.07725093233883858
urn:mavedb:00000106-c-1#53,NA,NA,p.Phe115Thr,0.008049518501924152,1,151,0.00046339202965708985,0.057567670606176125
urn:mavedb:00000106-c-1#54,NA,NA,p.Tyr114Thr,0.0,0,148,0.0,0.0761708697889861
urn:mavedb:00000106-c-1#55,NA,NA,p.Leu113Thr,0.03651743346399835,6,148,0.0019083969465648852,0.05225988700564972
urn:mavedb:00000106-c-1#56,NA,NA,p.Pro123Ser,0.0193404519919379,4,108,0.001543805480509456,0.07982261640798226
urn:mavedb:00000106-c-1#57,NA,NA,p.Glu122Ser,0.0990513526741586,23,158,0.008718726307808945,0.08802228412256267
urn:mavedb:00000106-c-1#58,NA,NA,p.Ala121Ser,0.0586744420769317,12,111,0.0049792531120331955,0.08486238532110092
urn:mavedb:00000106-c-1#59,NA,NA,p.Lys120Ser,0.30343492985002424,56,212,0.02393162393162393,0.07886904761904763
urn:mavedb:00000106-c-1#60,NA,NA,p.Arg119Ser,0.7237899537551106,183,273,0.07084785133565621,0.09788454643241304
urn:mavedb:00000106-c-1#61,NA,NA,p.Asp118Ser,0.06410816443077416,21,302,0.006354009077155824,0.09911388250738433
urn:mavedb:00000106-c-1#62,NA,NA,p.Glu117Ser,1.030159548641823,204,389,0.09956076134699854,0.09664596273291924
urn:mavedb:00000106-c-1#63,NA,NA,p.Cys116Ser,0.01575827792329908,3,336,0.0014104372355430185,0.08950452850293021
urn:mavedb:00000106-c-1#64,NA,NA,p.Phe115Ser,0.024679742005899428,4,197,0.00185356811862836,0.07510484178421653
urn:mavedb:00000106-c-1#65,NA,NA,p.Tyr114Ser,0.0,0,163,0.0,0.08389089037570767
urn:mavedb:00000106-c-1#66,NA,NA,p.Leu113Ser,0.111434642323129,24,194,0.0076335877862595426,0.06850282485875707
urn:mavedb:00000106-c-1#67,NA,NA,p.Pro123Arg,5.26799782050991,1715,170,0.6619065997684291,0.12564671101256467
urn:mavedb:00000106-c-1#68,NA,NA,p.Glu122Arg,0.003402198635329795,1,200,0.00037907505686125847,0.11142061281337047
urn:mavedb:00000106-c-1#69,NA,NA,p.Ala121Arg,1.5972021339656193,515,175,0.21369294605809128,0.13379204892966362
urn:mavedb:00000106-c-1#70,NA,NA,p.Lys120Arg,3.6073172598545735,1052,335,0.4495726495726496,0.1246279761904762
urn:mavedb:00000106-c-1#71,NA,NA,p.Arg119Arg,0.2715740447447764,83,330,0.03213317847464189,0.11832197920401576
urn:mavedb:00000106-c-1#72,NA,NA,p.Asp118Arg,2.588160493765109,845,301,0.2556732223903177,0.09878569084345258
urn:mavedb:00000106-c-1#73,NA,NA,p.Glu117Arg,0.07296242069302099,13,350,0.00634455832113226,0.08695652173913042
urn:mavedb:00000106-c-1#74,NA,NA,p.Cys116Arg,0.0209694312167465,6,505,0.002820874471086037,0.13452317527970165
urn:mavedb:00000106-c-1#75,NA,NA,p.Phe115Arg,0.06251026082351385,18,350,0.008341056533827619,0.13343499809378573
urn:mavedb:00000106-c-1#76,NA,NA,p.Tyr114Arg,0.011329005675192412,3,190,0.0011078286558345645,0.09778692743180648
urn:mavedb:00000106-c-1#77,NA,NA,p.Leu113Arg,0.09389064326031282,32,307,0.010178117048346057,0.10840395480225988
urn:mavedb:00000106-c-1#78,NA,NA,p.Pro123Gln,2.589203010420687,238,48,0.09185642609031262,0.03547671840354767
urn:mavedb:00000106-c-1#79,NA,NA,p.Glu122Gln,0.7711650240080868,68,60,0.025777103866565582,0.033426183844011144
urn:mavedb:00000106-c-1#80,NA,NA,p.Ala121Gln,1.899585062240664,154,44,0.06390041493775933,0.03363914373088685
urn:mavedb:00000106-c-1#81,NA,NA,p.Lys120Gln,0.03893959148196437,2,59,0.0008547008547008548,0.02194940476190476
urn:mavedb:00000106-c-1#82,NA,NA,p.Arg119Gln,0.7694785979058477,62,87,0.024003097173828883,0.03119397633560416
urn:mavedb:00000106-c-1#83,NA,NA,p.Asp118Gln,0.05268208342338448,6,105,0.001815431164901664,0.034460124712832295
urn:mavedb:00000106-c-1#84,NA,NA,p.Glu117Gln,1.840307210192392,89,95,0.04343582235236701,0.02360248447204969
urn:mavedb:00000106-c-1#85,NA,NA,p.Cys116Gln,0.0,0,72,0.0,0.019179541822056476
urn:mavedb:00000106-c-1#86,NA,NA,p.Phe115Gln,0.039208944960985384,3,93,0.0013901760889712695,0.03545558520777736
urn:mavedb:00000106-c-1#87,NA,NA,p.Tyr114Gln,0.009318229776132288,1,77,0.00036927621861152144,0.03962943901183737
urn:mavedb:00000106-c-1#88,NA,NA,p.Leu113Gln,0.014074427480916031,1,64,0.00031806615776081433,0.02259887005649717
urn:mavedb:00000106-c-1#89,NA,NA,p.Pro123Pro,1.5013025858741798,207,72,0.07989193361636432,0.053215077605321515
urn:mavedb:00000106-c-1#90,NA,NA,p.Glu122Pro,0.036891310503576094,9,166,0.003411675511751327,0.09247910863509748
urn:mavedb:00000106-c-1#91,NA,NA,p.Ala121Pro,4.218887966804978,1166,150,0.4838174273858921,0.1146788990825688
urn:mavedb:00000106-c-1#92,NA,NA,p.Lys120Pro,0.02114204813591317,6,326,0.002564102564102564,0.1212797619047619
urn:mavedb:00000106-c-1#93,NA,NA,p.Arg119Pro,0.031891415960573107,7,237,0.002710027100271003,0.08497669415561132
urn:mavedb:00000106-c-1#94,NA,NA,p.Asp118Pro,2.834100969350591,830,270,0.25113464447806355,0.08861174926156876
urn:mavedb:00000106-c-1#95,NA,NA,p.Glu117Pro,0.038267003859976036,6,308,0.002928257686676428,0.07652173913043478
urn:mavedb:00000106-c-1#96,NA,NA,p.Cys116Pro,0.02120032585476873,4,333,0.0018805829807240246,0.08870538092701119
urn:mavedb:00000106-c-1#97,NA,NA,p.Phe115Pro,0.005001964171977557,1,243,0.00046339202965708985,0.09264201296225696
urn:mavedb:00000106-c-1#98,NA,NA,p.Tyr114Pro,0.07244027667310532,21,208,0.00775480059084195,0.10705095213587236
urn:mavedb:00000106-c-1#99,NA,NA,p.Leu113Pro,0.02785866058078225,3,97,0.0009541984732824428,0.034251412429378535
urn:mavedb:00000106-c-1#100,NA,NA,p.Pro123Asn,0.1649028011944179,12,38,0.004631416441528367,0.028085735402808572
urn:mavedb:00000106-c-1#101,NA,NA,p.Glu122Asn,7.50610073919636,353,32,0.13381349507202425,0.017827298050139277
urn:mavedb:00000106-c-1#102,NA,NA,p.Ala121Asn,0.09867974349302153,4,22,0.0016597510373443985,0.016819571865443424
urn:mavedb:00000106-c-1#103,NA,NA,p.Lys120Asn,0.17075537075537076,11,74,0.004700854700854701,0.027529761904761904
urn:mavedb:00000106-c-1#104,NA,NA,p.Arg119Asn,2.640582176684568,247,101,0.09562524196670537,0.03621369666547149
urn:mavedb:00000106-c-1#105,NA,NA,p.Asp118Asn,1.6493358686449502,195,109,0.059001512859304085,0.03577289136855924
urn:mavedb:00000106-c-1#106,NA,NA,p.Glu117Asn,2.1667627963381992,182,165,0.08882381649585164,0.040993788819875775
urn:mavedb:00000106-c-1#107,NA,NA,p.Cys116Asn,0.12869260304027585,7,96,0.003291020216267043,0.025572722429408633
urn:mavedb:00000106-c-1#108,NA,NA,p.Phe115Asn,0.04586706769020931,2,53,0.0009267840593141797,0.020205871139916128
urn:mavedb:00000106-c-1#109,NA,NA,p.Tyr114Asn,0.0,0,47,0.0,0.02418939783839424
urn:mavedb:00000106-c-1#110,NA,NA,p.Leu113Asn,0.015802865943484668,1,57,0.00031806615776081433,0.0201271186440678
urn:mavedb:00000106-c-1#111,NA,NA,p.Pro123Met,0.9439628299142,94,52,0.03627942879197221,0.03843311160384332
urn:mavedb:00000106-c-1#112,NA,NA,p.Glu122Met,0.1008058854912532,8,54,0.0030326004548900678,0.030083565459610027
urn:mavedb:00000106-c-1#113,NA,NA,p.Ala121Met,0.3207091663523199,13,22,0.005394190871369295,0.016819571865443424
urn:mavedb:00000106-c-1#114,NA,NA,p.Lys120Met,0.1410706252811516,7,57,0.002991452991452992,0.021205357142857144
urn:mavedb:00000106-c-1#115,NA,NA,p.Arg119Met,0.31111504819648683,17,59,0.006581494386372435,0.021154535675869487
urn:mavedb:00000106-c-1#116,NA,NA,p.Asp118Met,0.8570113570987193,66,71,0.019969742813918303,0.02330160813915327
urn:mavedb:00000106-c-1#117,NA,NA,p.Glu117Met,0.6193968492650777,35,111,0.01708150317227916,0.0275776397515528
urn:mavedb:00000106-c-1#118,NA,NA,p.Cys116Met,0.051157308040854985,2,69,0.0009402914903620123,0.01838039424613745
urn:mavedb:00000106-c-1#119,NA,NA,p.Phe115Met,0.6187884404751874,28,55,0.012974976830398516,0.020968356843309187
urn:mavedb:00000106-c-1#120,NA,NA,p.Tyr114Met,0.013537805523814832,1,53,0.00036927621861152144,0.027277406073082863
urn:mavedb:00000106-c-1#121,NA,NA,p.Leu113Met,0.027715795654726955,2,65,0.0006361323155216285,0.022951977401129944
urn:mavedb:00000106-c-1#122,NA,NA,p.Pro123Leu,0.4846489734450322,142,153,0.05480509455808568,0.1130820399113082
urn:mavedb:00000106-c-1#123,NA,NA,p.Glu122Leu,0.019113475479380877,5,178,0.0018953752843062926,0.09916434540389972
urn:mavedb:00000106-c-1#124,NA,NA,p.Ala121Leu,1.0340105880669623,221,116,0.09170124481327802,0.08868501529051988
urn:mavedb:00000106-c-1#125,NA,NA,p.Lys120Leu,0.07377087744060222,14,218,0.0059829059829059825,0.08110119047619048
urn:mavedb:00000106-c-1#126,NA,NA,p.Arg119Leu,0.207161764308673,33,172,0.012775842044134728,0.061670849766941566
urn:mavedb:00000106-c-1#127,NA,NA,p.Asp118Leu,0.5863361586033586,152,239,0.04599092284417549,0.07843780767968493
urn:mavedb:00000106-c-1#128,NA,NA,p.Glu117Leu,0.12135121944785195,16,259,0.007808687164470474,0.06434782608695652
urn:mavedb:00000106-c-1#129,NA,NA,p.Cys116Leu,0.018842638370919897,3,281,0.0014104372355430185,0.07485348961108151
urn:mavedb:00000106-c-1#130,NA,NA,p.Phe115Leu,0.053362417776170346,9,205,0.004170528266913809,0.0781547845977888
urn:mavedb:00000106-c-1#131,NA,NA,p.Tyr114Leu,0.011958394879369769,2,120,0.0007385524372230429,0.061760164693772525
urn:mavedb:00000106-c-1#132,NA,NA,p.Leu113Leu,18.396840542832912,2941,144,0.9354325699745548,0.05084745762711865
urn:mavedb:00000106-c-1#133,NA,NA,p.Pro123Lys,0.02610961018911617,3,60,0.0011578541103820913,0.044345898004434586
urn:mavedb:00000106-c-1#134,NA,NA,p.Glu122Lys,0.01388652504216243,1,49,0.00037907505686125847,0.027298050139275762
urn:mavedb:00000106-c-1#135,NA,NA,p.Ala121Lys,0.7538035961272475,25,18,0.010373443983402491,0.013761467889908258
urn:mavedb:00000106-c-1#136,NA,NA,p.Lys120Lys,0.048881614839061636,2,47,0.0008547008547008548,0.017485119047619048
urn:mavedb:00000106-c-1#137,NA,NA,p.Arg119Lys,0.6779839559192934,54,86,0.020905923344947737,0.030835424883470783
urn:mavedb:00000106-c-1#138,NA,NA,p.Asp118Lys,0.019207009581442256,2,96,0.000605143721633888,0.03150639973744667
urn:mavedb:00000106-c-1#139,NA,NA,p.Glu117Lys,0.12628111273792095,9,140,0.0043923865300146405,0.034782608695652174
urn:mavedb:00000106-c-1#140,NA,NA,p.Cys116Lys,0.04304700310754871,2,82,0.0009402914903620123,0.021843367075119868
urn:mavedb:00000106-c-1#141,NA,NA,p.Phe115Lys,3.215950339820822,127,48,0.058850787766450426,0.018299656881433472
urn:mavedb:00000106-c-1#142,NA,NA,p.Tyr114Lys,0.0,0,37,0.0,0.019042717447246525
urn:mavedb:00000106-c-1#143,NA,NA,p.Leu113Lys,0.0,0,66,0.0,0.023305084745762712
urn:mavedb:00000106-c-1#144,NA,NA,p.Pro123Ile,0.050945580856812035,4,41,0.001543805480509456,0.030303030303030307
urn:mavedb:00000106-c-1#145,NA,NA,p.Glu122Ile,0.0,0,26,0.0,0.01448467966573816
urn:mavedb:00000106-c-1#146,NA,NA,p.Ala121Ile,0.0,0,28,0.0,0.021406727828746176
urn:mavedb:00000106-c-1#147,NA,NA,p.Lys120Ile,0.0,0,60,0.0,0.02232142857142857
urn:mavedb:00000106-c-1#148,NA,NA,p.Arg119Ile,0.03788604302083121,2,57,0.0007742934572202865,0.020437432771602725
urn:mavedb:00000106-c-1#149,NA,NA,p.Asp118Ile,0.0,0,78,0.0,0.02559894978667542
urn:mavedb:00000106-c-1#150,NA,NA,p.Glu117Ile,0.5612493899463152,34,119,0.016593460224499756,0.02956521739130435
urn:mavedb:00000106-c-1#151,NA,NA,p.Cys116Ile,0.0919232878859113,5,96,0.0023507287259050304,0.025572722429408633
urn:mavedb:00000106-c-1#152,NA,NA,p.Phe115Ile,0.05284683886045855,2,46,0.0009267840593141797,0.017537171178040413
urn:mavedb:00000106-c-1#153,NA,NA,p.Tyr114Ile,0.0,0,23,0.0,0.011837364899639732
urn:mavedb:00000106-c-1#154,NA,NA,p.Leu113Ile,0.0,0,34,0.0,0.012005649717514123
urn:mavedb:00000106-c-1#155,NA,NA,p.Pro123His,1.2653118783956296,126,52,0.048629872636047865,0.03843311160384332
urn:mavedb:00000106-c-1#156,NA,NA,p.Glu122His,0.1825569999445256,11,41,0.004169825625473844,0.022841225626740947
urn:mavedb:00000106-c-1#157,NA,NA,p.Ala121His,0.09867974349302153,8,44,0.003319502074688797,0.03363914373088685
urn:mavedb:00000106-c-1#158,NA,NA,p.Lys120His,1.6175824175824174,138,98,0.05897435897435897,0.036458333333333336
urn:mavedb:00000106-c-1#159,NA,NA,p.Arg119His,2.729373682625716,273,108,0.10569105691056913,0.03872355683040516
urn:mavedb:00000106-c-1#160,NA,NA,p.Asp118His,2.216030756846035,262,109,0.07927382753403933,0.03577289136855924
urn:mavedb:00000106-c-1#161,NA,NA,p.Glu117His,0.20677609103285305,14,133,0.006832601268911664,0.03304347826086956
urn:mavedb:00000106-c-1#162,NA,NA,p.Cys116His,0.014119417019275975,1,125,0.00047014574518100614,0.03329781566329248
urn:mavedb:00000106-c-1#163,NA,NA,p.Phe115His,4.555397509771527,431,115,0.19972196478220572,0.04384292794510103
urn:mavedb:00000106-c-1#164,NA,NA,p.Tyr114His,0.022421990398818314,2,64,0.0007385524372230429,0.032938754503345345
urn:mavedb:00000106-c-1#165,NA,NA,p.Leu113His,0.0,0,60,0.0,0.0211864406779661
urn:mavedb:00000106-c-1#166,NA,NA,p.Pro123Gly,0.011868004631416441,2,88,0.0007719027402547278,0.06504065040650407
urn:mavedb:00000106-c-1#167,NA,NA,p.Glu122Gly,0.7587637244260694,155,139,0.05875663381349507,0.07743732590529248
urn:mavedb:00000106-c-1#168,NA,NA,p.Ala121Gly,0.037430247531835735,6,87,0.002489626556016597,0.06651376146788991
urn:mavedb:00000106-c-1#169,NA,NA,p.Lys120Gly,0.044672364672364684,7,180,0.002991452991452992,0.06696428571428571
urn:mavedb:00000106-c-1#170,NA,NA,p.Arg119Gly,4.558953843506688,950,225,0.3677893921796361,0.08067407673001076
urn:mavedb:00000106-c-1#171,NA,NA,p.Asp118Gly,0.03526532906756612,7,183,0.0021180030257186076,0.06005907449950771
urn:mavedb:00000106-c-1#172,NA,NA,p.Glu117Gly,0.19367056413640454,21,213,0.010248901903367495,0.052919254658385095
urn:mavedb:00000106-c-1#173,NA,NA,p.Cys116Gly,0.06639224303734784,12,319,0.005641748942172072,0.08497602557272244
urn:mavedb:00000106-c-1#174,NA,NA,p.Phe115Gly,0.010709051046612749,2,227,0.0009267840593141797,0.08654212733511246
urn:mavedb:00000106-c-1#175,NA,NA,p.Tyr114Gly,0.015375079130618271,3,140,0.0011078286558345645,0.07205352547606794
urn:mavedb:00000106-c-1#176,NA,NA,p.Leu113Gly,0.1310634516741387,55,378,0.017493638676844784,0.13347457627118645
urn:mavedb:00000106-c-1#177,NA,NA,p.Pro123Phe,0.02320854239032549,2,45,0.0007719027402547278,0.03325942350332594
urn:mavedb:00000106-c-1#178,NA,NA,p.Glu122Phe,0.24571434588492966,13,36,0.004927975739196361,0.02005571030640669
urn:mavedb:00000106-c-1#179,NA,NA,p.Ala121Phe,0.0,0,24,0.0,0.01834862385321101
urn:mavedb:00000106-c-1#180,NA,NA,p.Lys120Phe,7.621301775147929,345,52,0.14743589743589744,0.019345238095238096
urn:mavedb:00000106-c-1#181,NA,NA,p.Arg119Phe,0.30559025266802536,15,53,0.0058072009291521495,0.0190032269630692
urn:mavedb:00000106-c-1#182,NA,NA,p.Asp118Phe,0.025970041124203612,2,71,0.000605143721633888,0.02330160813915327
urn:mavedb:00000106-c-1#183,NA,NA,p.Glu117Phe,0.17383830662054015,10,113,0.004880429477794046,0.028074534161490684
urn:mavedb:00000106-c-1#184,NA,NA,p.Cys116Phe,0.3581011562859849,14,69,0.006582040432534086,0.01838039424613745
urn:mavedb:00000106-c-1#185,NA,NA,p.Phe115Phe,11.722145426556294,569,59,0.2636700648748841,0.02249332825009531
urn:mavedb:00000106-c-1#186,NA,NA,p.Tyr114Phe,0.0,0,26,0.0,0.013381369016984043
urn:mavedb:00000106-c-1#187,NA,NA,p.Leu113Phe,0.2741453700630601,7,23,0.0022264631043257,0.008121468926553672
urn:mavedb:00000106-c-1#188,NA,NA,p.Pro123Glu,0.03729944312730882,2,28,0.0007719027402547278,0.020694752402069475
urn:mavedb:00000106-c-1#189,NA,NA,p.Glu122Glu,17.654148535108586,1894,73,0.7179681576952237,0.040668523676880224
urn:mavedb:00000106-c-1#190,NA,NA,p.Ala121Glu,0.031925799365389314,2,34,0.0008298755186721991,0.025993883792048932
urn:mavedb:00000106-c-1#191,NA,NA,p.Lys120Glu,0.04030589293747188,2,57,0.0008547008547008548,0.021205357142857144
urn:mavedb:00000106-c-1#192,NA,NA,p.Arg119Glu,0.8191223784159024,66,87,0.025551684088269456,0.03119397633560416
urn:mavedb:00000106-c-1#193,NA,NA,p.Asp118Glu,0.2765809379727685,24,80,0.007261724659606656,0.02625533311453889
urn:mavedb:00000106-c-1#194,NA,NA,p.Glu117Glu,8.279937236627362,392,93,0.1913128355295266,0.0231055900621118
urn:mavedb:00000106-c-1#195,NA,NA,p.Cys116Glu,0.0,0,80,0.0,0.021310602024507196
urn:mavedb:00000106-c-1#196,NA,NA,p.Phe115Glu,0.01464430474446442,1,83,0.00046339202965708985,0.031643156690812045
urn:mavedb:00000106-c-1#197,NA,NA,p.Tyr114Glu,0.0,0,56,0.0,0.028821410190427176
urn:mavedb:00000106-c-1#198,NA,NA,p.Leu113Glu,0.14412213740458016,24,150,0.0076335877862595426,0.05296610169491525
urn:mavedb:00000106-c-1#199,NA,NA,p.Pro123Asp,0.0,0,41,0.0,0.030303030303030307
urn:mavedb:00000106-c-1#200,NA,NA,p.Glu122Asp,0.08505496588324488,1,8,0.00037907505686125847,0.004456824512534819
urn:mavedb:00000106-c-1#201,NA,NA,p.Ala121Asp,0.0301521438450899,2,36,0.0008298755186721991,0.027522935779816515
urn:mavedb:00000106-c-1#202,NA,NA,p.Lys120Asp,0.1132538822679668,7,71,0.002991452991452992,0.026413690476190483
urn:mavedb:00000106-c-1#203,NA,NA,p.Arg119Asp,1.6088308168795973,149,100,0.05768486256291135,0.035855145213338116
urn:mavedb:00000106-c-1#204,NA,NA,p.Asp118Asp,0.14405257186081696,20,128,0.0060514372163388815,0.042008532983262216
urn:mavedb:00000106-c-1#205,NA,NA,p.Glu117Asp,3.2961510782440384,297,177,0.14494875549048314,0.0439751552795031
urn:mavedb:00000106-c-1#206,NA,NA,p.Cys116Asp,0.0,0,108,0.0,0.028769312733084713
urn:mavedb:00000106-c-1#207,NA,NA,p.Phe115Asp,0.0178746660851551,1,68,0.00046339202965708985,0.025924513915364086
urn:mavedb:00000106-c-1#208,NA,NA,p.Tyr114Asp,0.11254959886465664,8,51,0.0029542097488921715,0.02624806999485332
urn:mavedb:00000106-c-1#209,NA,NA,p.Leu113Asp,0.0,0,146,0.0,0.051553672316384185
urn:mavedb:00000106-c-1#210,NA,NA,p.Pro123Cys,0.20887688151292935,14,35,0.005403319181783096,0.025868440502586843
urn:mavedb:00000106-c-1#211,NA,NA,p.Glu122Cys,0.2835165529441496,30,72,0.011372251705837756,0.04011142061281337
urn:mavedb:00000106-c-1#212,NA,NA,p.Ala121Cys,0.0,0,34,0.0,0.025993883792048932
urn:mavedb:00000106-c-1#213,NA,NA,p.Lys120Cys,1.428135828135828,92,74,0.039316239316239315,0.027529761904761904
urn:mavedb:00000106-c-1#214,NA,NA,p.Arg119Cys,0.6478513356562138,33,55,0.012775842044134728,0.019720329867335958
urn:mavedb:00000106-c-1#215,NA,NA,p.Asp118Cys,0.02634104171169224,2,70,0.000605143721633888,0.022973416475221532
urn:mavedb:00000106-c-1#216,NA,NA,p.Glu117Cys,2.328145617555085,128,108,0.06246949731576379,0.026832298136645963
urn:mavedb:00000106-c-1#217,NA,NA,p.Cys116Cys,20.99211338296329,1796,151,0.844381758345087,0.040223761321257316
urn:mavedb:00000106-c-1#218,NA,NA,p.Phe115Cys,0.08559699252046102,5,71,0.002316960148285449,0.027068242470453682
urn:mavedb:00000106-c-1#219,NA,NA,p.Tyr114Cys,0.0,0,78,0.0,0.04014410705095214
urn:mavedb:00000106-c-1#220,NA,NA,p.Leu113Cys,0.013246519982038615,2,136,0.0006361323155216285,0.0480225988700565
urn:mavedb:00000106-c-1#221,NA,NA,p.Pro123Ala,0.0994651816728235,12,63,0.004631416441528367,0.04656319290465632
urn:mavedb:00000106-c-1#222,NA,NA,p.Glu122Ala,0.2731342566391526,57,142,0.021607278241091737,0.07910863509749304
urn:mavedb:00000106-c-1#223,NA,NA,p.Ala121Ala,0.8549333529174163,178,113,0.07385892116182573,0.0863914373088685
urn:mavedb:00000106-c-1#224,NA,NA,p.Lys120Ala,0.1465442650627836,31,243,0.013247863247863248,0.09040178571428573
urn:mavedb:00000106-c-1#225,NA,NA,p.Arg119Ala,0.5100106259421258,111,235,0.0429732868757259,0.08425959125134456
urn:mavedb:00000106-c-1#226,NA,NA,p.Asp118Ala,3.4021902989570645,834,226,0.2523449319213313,0.07417131604857237
urn:mavedb:00000106-c-1#227,NA,NA,p.Glu117Ala,0.31276327735835163,57,358,0.027818448023426062,0.088944099378882
urn:mavedb:00000106-c-1#228,NA,NA,p.Cys116Ala,0.6206930264589974,115,327,0.0540667606958157,0.08710708577517315
urn:mavedb:00000106-c-1#229,NA,NA,p.Phe115Ala,0.019447636700648748,4,250,0.00185356811862836,0.09531071292413268
urn:mavedb:00000106-c-1#230,NA,NA,p.Tyr114Ala,0.0044290351405073215,1,162,0.00036927621861152144,0.08337622233659289
